ID,Name,Type,Category,Effect,Power,Acc,PP,TM,criticalProb,Gen,Column1,targetID,damageClassID,effectID,effectProb,contestTypeID,contestEffectID,superContestEffectID
-,"10,000,000 Volt Thunderbolt",Electric,Special,Pikachu-exclusive Z-Move.,195,-,1,,,7,-,-,-,-,-,-,-,-
71,Absorb,Grass,Special,User recovers half the HP inflicted on opponent.,20,100,25,,-,1,absorb,10,3,4,0,4,9,20
709,Accelerock,Rock,Physical,User attacks first.,40,100,20,,,7,accelerock,10,2,104,0,0,0,0
51,Acid,Poison,Special,May lower opponent's Special Defense.,40,100,30,,10,1,acid,11,3,73,10,4,4,5
151,Acid Armor,Poison,Status,Sharply raises user's Defense.,-,-,20,,-,1,acid armor,7,1,52,0,5,32,11
-,Acid Downpour,Poison,Z-Move,Poison type Z-Move.,-,-,1,,,7,-,-,-,-,-,-,-,-
491,Acid Spray,Poison,Special,Sharply lowers opponent's Special Defense.,40,100,20,,100,5,acid spray,10,3,297,100,0,0,0
512,Acrobatics,Flying,Physical,Stronger when the user does not have a held item.,55,100,15,TM62,-,5,acrobatics,10,2,318,0,0,0,0
367,Acupressure,Normal,Status,Sharply raises a random stat.,-,-,30,,-,4,acupressure,5,1,227,0,1,0,11
332,Aerial Ace,Flying,Physical,Ignores Accuracy and Evasiveness.,60,inf,20,TM40,-,3,aerial ace,10,2,18,0,1,27,17
177,Aeroblast,Flying,Special,High critical hit ratio.,100,95,5,,-,2,aeroblast,10,3,44,0,1,2,22
495,After You,Normal,Status,Gives target priority in the next turn.,-,-,15,,-,5,after you,10,1,301,0,0,0,0
97,Agility,Psychic,Status,Sharply raises user's Speed.,-,-,30,,-,1,agility,7,1,53,0,1,30,1
314,Air Cutter,Flying,Special,High critical hit ratio.,60,95,25,,-,3,air cutter,11,3,44,0,1,23,5
403,Air Slash,Flying,Special,May cause flinching.,75,95,20,,30,4,air slash,10,3,32,30,1,0,17
-,All-Out Pummeling,Fighting,Z-Move,Fighting type Z-Move.,-,-,1,,,7,-,-,-,-,-,-,-,-
502,Ally Switch,Psychic,Status,User switches with opposite teammate.,-,-,15,,-,5,ally switch,7,1,308,0,0,0,0
133,Amnesia,Psychic,Status,Sharply raises user's Special Defense.,-,-,20,,-,1,amnesia,7,1,55,0,3,32,11
677,Anchor Shot,Steel,Physical,The user entangles the target with its anchor chain while attacking. The target becomes unable to flee.,80,100,20,,,7,anchor shot,10,2,385,0,0,0,0
246,Ancient Power,Rock,Special,May raise all user's stats at once.,60,100,5,,10,2,ancient power,10,3,141,10,5,32,18
453,Aqua Jet,Water,Physical,User attacks first.,40,100,20,,-,4,aqua jet,10,2,104,0,2,0,1
392,Aqua Ring,Water,Status,Restores a little HP each turn.,-,-,20,,-,4,aqua ring,7,1,252,0,2,0,8
401,Aqua Tail,Water,Physical,,90,90,10,,-,4,aqua tail,10,2,1,0,3,0,5
292,Arm Thrust,Fighting,Physical,Hits 2-5 times in one turn.,15,100,20,,-,3,arm thrust,10,2,30,0,5,10,7
312,Aromatherapy,Grass,Status,Cures all status problems in your party.,-,-,5,,-,3,aromatherapy,13,1,103,0,4,28,8
597,Aromatic Mist,Fairy,Status,Raises Special Defense of allies.,-,-,20,,-,6,aromatic mist,3,1,363,0,0,0,0
274,Assist,Normal,Status,User performs a move known by its allies at random.,-,-,20,,-,3,assist,7,1,181,0,3,25,14
372,Assurance,Dark,Physical,Power doubles if opponent already took damage in the same turn.,60,100,10,,-,4,assurance,10,2,232,0,2,0,15
310,Astonish,Ghost,Physical,May cause flinching.,30,100,15,,30,3,astonish,10,2,32,30,4,9,5
454,Attack Order,Bug,Physical,High critical hit ratio.,90,100,15,,-,4,attack order,10,2,44,0,4,0,4
213,Attract,Normal,Status,"If opponent is the opposite gender, it's less likely to attack.",-,100,15,TM45,-,2,attract,10,1,121,0,3,18,19
396,Aura Sphere,Fighting,Special,Ignores Accuracy and Evasiveness.,80,inf,20,,-,4,aura sphere,10,3,18,0,2,0,17
62,Aurora Beam,Ice,Special,May lower opponent's Attack.,65,100,20,,10,1,aurora beam,10,3,69,10,2,23,17
694,Aurora Veil,Ice,Status,Halves damage from Physical and Special attacks for five turns.,-,-,20,TM70,,7,aurora veil,4,1,407,0,0,0,0
475,Autotomize,Steel,Status,Reduces weight and sharply raises Speed.,-,-,15,,-,5,autotomize,7,1,285,0,0,0,0
419,Avalanche,Ice,Physical,Power doubles if user took damage first.,60,100,10,,-,4,avalanche,10,2,186,0,1,0,15
608,Baby-Doll Eyes,Fairy,Status,Always goes first. Lowers the target's attack.,-,100,30,,-,6,baby-doll eyes,10,1,365,0,0,0,0
737,Baddy Bad,Dark,Special,Reduces damage from Physical attacks.,90,100,15,,,7,baddy bad,10,3,1,0,0,0,0
661,Baneful Bunker,Poison,Status,Protects the user and poisons opponent on contact.,-,-,10,,,7,baneful bunker,7,1,384,0,0,0,0
140,Barrage,Normal,Physical,Hits 2-5 times in one turn.,15,85,20,,-,1,barrage,10,2,30,0,5,12,7
112,Barrier,Psychic,Status,Sharply raises user's Defense.,-,-,20,,-,1,barrier,7,1,52,0,1,15,13
226,Baton Pass,Normal,Status,User switches out and gives stat changes to the incoming Pokémon.,-,-,40,,-,2,baton pass,7,1,128,0,3,18,16
690,Beak Blast,Flying,Physical,"The user first heats up its beak, and then it attacks the target. Making direct contact with the Pokémon while it's heating up its beak results in a burn.",100,100,15,,,7,beak blast,10,2,404,0,0,0,0
251,Beat Up,Dark,Physical,Each Pokémon in your party attacks.,-,100,30,,-,2,beat up,10,2,155,0,4,14,7
562,Belch,Poison,Special,User must have consumed a Berry.,120,90,10,,-,6,belch,10,3,339,0,0,0,0
187,Belly Drum,Normal,Status,"User loses 50% of its max HP, but Attack raises to maximum.",-,-,10,,-,2,belly drum,7,1,143,0,3,32,11
516,Bestow,Normal,Status,Gives the user's held item to the target.,-,-,15,,-,5,bestow,10,1,324,0,0,0,0
117,Bide,Normal,Physical,User takes damage for two turns then strikes back double.,-,-,10,,-,1,bide,7,2,27,0,5,15,15
20,Bind,Normal,Physical,"Traps opponent, damaging them for 4-5 turns.",15,85,20,,-,1,bind,10,2,43,100,5,24,21
44,Bite,Dark,Physical,May cause flinching.,60,100,25,,30,1,bite,10,2,32,30,5,5,5
-,Black Hole Eclipse,Dark,Z-Move,Dark type Z-Move.,-,-,1,,,7,-,-,-,-,-,-,-,-
307,Blast Burn,Fire,Special,User must recharge next turn.,150,90,5,,-,3,blast burn,10,3,81,0,2,6,22
299,Blaze Kick,Fire,Physical,High critical hit ratio. May burn opponent.,85,90,10,,10,3,blaze kick,10,2,201,10,2,1,17
59,Blizzard,Ice,Special,May freeze opponent.,110,70,5,TM14,10,1,blizzard,11,3,261,10,2,1,17
335,Block,Normal,Status,Opponent cannot flee or switch.,-,-,5,,-,3,block,10,1,107,0,3,18,13
-,Bloom Doom,Grass,Z-Move,Grass type Z-Move.,-,-,1,,,7,-,-,-,-,-,-,-,-
551,Blue Flare,Fire,Special,May burn opponent.,130,85,5,,20,5,blue flare,10,3,5,20,0,0,0
34,Body Slam,Normal,Physical,May paralyze opponent.,85,100,15,,30,1,body slam,10,2,7,30,5,4,5
550,Bolt Strike,Electric,Physical,May paralyze opponent.,130,85,5,,20,5,bolt strike,10,2,7,20,0,0,0
125,Bone Club,Ground,Physical,May cause flinching.,65,85,20,,10,1,bone club,10,2,32,10,5,10,5
198,Bone Rush,Ground,Physical,Hits 2-5 times in one turn.,25,90,10,,-,2,bone rush,10,2,30,0,5,1,7
155,Bonemerang,Ground,Physical,Hits twice in one turn.,50,90,10,,-,1,bonemerang,10,2,45,0,5,1,7
586,Boomburst,Normal,Special,Hits all adjacent Pokémon.,140,100,10,,-,6,boomburst,9,3,379,0,0,0,0
340,Bounce,Flying,Physical,"Springs up on first turn, attacks on second. May paralyze opponent.",85,85,5,,30,3,bounce,10,2,264,30,3,15,6
733,Bouncy Bubble,Water,Special,User recovers half the HP inflicted on opponent.,90,100,15,,,7,bouncy bubble,10,3,1,0,0,0,0
413,Brave Bird,Flying,Physical,User receives recoil damage.,120,100,15,,-,4,brave bird,10,2,199,0,3,0,18
-,Breakneck Blitz,Normal,Z-Move,Normal type Z-Move.,-,-,1,,,7,-,-,-,-,-,-,-,-
280,Brick Break,Fighting,Physical,Breaks through Reflect and Light Screen barriers.,75,100,15,TM31,-,3,brick break,10,2,187,0,1,4,5
362,Brine,Water,Special,Power doubles if opponent's HP is less than 50%.,65,100,10,,-,4,brine,10,3,222,0,4,0,4
693,Brutal Swing,Dark,Physical,The user swings its body around violently to inflict damage on everything in its vicinity.,60,100,20,TM59,,7,brutal swing,9,2,406,0,0,0,0
145,Bubble,Water,Special,May lower opponent's Speed.,40,100,30,,10,1,bubble,11,3,71,10,3,8,2
61,Bubble Beam,Water,Special,May lower opponent's Speed.,65,100,20,,10,1,bubble beam,10,3,71,10,2,5,2
450,Bug Bite,Bug,Physical,Receives the effect from the opponent's held berry.,60,100,20,,-,4,bug bite,10,2,225,0,5,0,12
405,Bug Buzz,Bug,Special,May lower opponent's Special Defense.,90,100,10,,10,4,bug buzz,10,3,73,10,3,0,4
339,Bulk Up,Fighting,Status,Raises user's Attack and Defense.,-,-,20,TM08,-,3,bulk up,7,1,209,0,2,32,11
523,Bulldoze,Ground,Physical,Lowers opponent's Speed.,60,100,20,TM78,100,5,bulldoze,9,2,71,100,0,0,0
418,Bullet Punch,Steel,Physical,User attacks first.,40,100,30,,-,4,bullet punch,10,2,104,0,4,0,1
331,Bullet Seed,Grass,Physical,Hits 2-5 times in one turn.,25,100,30,,-,3,bullet seed,10,2,30,0,1,14,7
682,Burn Up,Fire,Special,"To inflict massive damage, the user burns itself out. After using this move, the user will no longer be Fire type.",130,100,5,,,7,burn up,10,3,398,0,0,0,0
734,Buzzy Buzz,Electric,Special,Paralyzes the opponent.,90,100,15,,100,7,buzzy buzz,10,3,1,100,0,0,0
347,Calm Mind,Psychic,Status,Raises user's Special Attack and Special Defense.,-,-,20,TM04,-,3,calm mind,7,1,212,0,4,16,11
293,Camouflage,Normal,Status,Changes user's type according to the location.,-,-,20,,-,3,camouflage,7,1,214,0,4,2,13
445,Captivate,Normal,Status,Sharply lowers opponent's Special Attack if opposite gender.,-,100,20,,-,4,captivate,11,1,266,0,2,0,19
658,Catastropika,Electric,Physical,Pikachu-exclusive Z-Move.,210,-,1,,,7,catastropika,10,2,1,0,0,0,0
606,Celebrate,Normal,Status,The Pokémon congratulates you on your special day. No battle effect.,-,-,40,,-,6,celebrate,7,1,370,0,0,0,0
268,Charge,Electric,Status,Raises user's Special Defense and next Electric move's power increases.,-,-,20,,-,3,charge,7,1,175,0,4,12,11
451,Charge Beam,Electric,Special,May raise user's Special Attack.,50,90,10,TM57,70,4,charge beam,10,3,277,70,2,0,17
204,Charm,Fairy,Status,Sharply lowers opponent's Attack.,-,100,20,,-,2,charm,10,1,59,0,3,23,19
448,Chatter,Flying,Special,Confuses opponent.,65,100,20,,100,4,chatter,10,3,268,100,4,0,23
498,Chip Away,Normal,Physical,Ignores opponent's stat changes.,70,100,20,,-,5,chip away,10,2,304,0,0,0,0
509,Circle Throw,Fighting,Physical,"In battles, the opponent switches. In the wild, the Pokémon runs.",60,90,10,,-,5,circle throw,10,2,314,0,0,0,0
128,Clamp,Water,Physical,"Traps opponent, damaging them for 4-5 turns.",35,85,10,,-,1,clamp,10,2,43,100,5,24,5
691,Clanging Scales,Dragon,Special,Lowers user's Defense.,110,100,5,,,7,clanging scales,11,3,405,100,0,0,0
728,Clangorous Soulblaze,Dragon,Special,Kommo-o exclusive Z-Move.,185,-,1,,,7,clangorous soulblaze,11,3,419,100,0,0,0
499,Clear Smog,Poison,Special,Removes all of the target's stat changes.,50,-,15,,-,5,clear smog,10,3,305,0,0,0,0
370,Close Combat,Fighting,Physical,Lowers user's Defense and Special Defense.,120,100,5,,-,4,close combat,10,2,230,100,4,0,22
489,Coil,Poison,Status,"Raises user's Attack, Defense and Accuracy.",-,-,20,,-,5,coil,7,1,323,0,0,0,0
4,Comet Punch,Normal,Physical,Hits 2-5 times in one turn.,18,85,15,,-,1,comet punch,10,2,30,0,5,12,7
590,Confide,Normal,Status,Lowers opponent's Special Attack.,-,-,20,TM100,-,6,confide,10,1,358,100,0,0,0
109,Confuse Ray,Ghost,Status,Confuses opponent.,-,100,10,,-,1,confuse ray,10,1,50,0,4,21,10
93,Confusion,Psychic,Special,May confuse opponent.,50,100,25,,10,1,confusion,10,3,77,10,4,9,5
132,Constrict,Normal,Physical,May lower opponent's Speed by one stage.,10,100,35,,10,1,constrict,10,2,71,10,5,9,21
-,Continental Crush,Rock,Z-Move,Rock type Z-Move.,-,-,1,,,7,-,-,-,-,-,-,-,-
160,Conversion,Normal,Status,Changes user's type to that of its first move.,-,-,30,,-,1,conversion,7,1,31,0,2,12,23
176,Conversion 2,Normal,Status,User changes type to become resistant to opponent's last move.,-,-,30,,-,2,conversion 2,10,1,94,0,2,12,23
383,Copycat,Normal,Status,Copies opponent's last move.,-,-,20,,-,4,copycat,7,1,243,0,1,0,12
687,Core Enforcer,Dragon,Special,Scorches a 'Z' pattern on the ground.,100,100,10,,,7,core enforcer,11,3,402,0,0,0,0
-,Corkscrew Crash,Steel,Z-Move,Steel type Z-Move.,-,-,1,,,7,-,-,-,-,-,-,-,-
322,Cosmic Power,Psychic,Status,Raises user's Defense and Special Defense.,-,-,20,,-,3,cosmic power,7,1,207,0,1,32,11
538,Cotton Guard,Grass,Status,Drastically raises user's Defense.,-,-,10,,-,5,cotton guard,7,1,329,0,0,0,0
178,Cotton Spore,Grass,Status,Sharply lowers opponent's Speed.,-,100,40,,-,2,cotton spore,11,1,61,0,2,10,1
68,Counter,Fighting,Physical,"When hit by a Physical Attack, user strikes back with 2x power.",-,100,20,,-,1,counter,1,2,90,0,5,16,15
343,Covet,Normal,Physical,Opponent's item is stolen by the user.,60,100,25,,-,3,covet,10,2,106,0,3,20,12
152,Crabhammer,Water,Physical,High critical hit ratio.,100,90,10,,-,1,crabhammer,10,2,44,0,5,2,18
578,Crafty Shield,Fairy,Status,Protects the Pokémon from status moves.,-,-,10,,-,6,crafty shield,4,1,350,0,0,0,0
238,Cross Chop,Fighting,Physical,High critical hit ratio.,100,80,5,,-,2,cross chop,10,2,44,0,1,2,18
440,Cross Poison,Poison,Physical,High critical hit ratio. May poison opponent.,70,100,20,,10,4,cross poison,10,2,210,10,1,0,5
242,Crunch,Dark,Physical,May lower opponent's Defense.,80,100,15,,20,2,crunch,10,2,70,20,5,4,18
306,Crush Claw,Normal,Physical,May lower opponent's Defense.,75,95,10,,50,3,crush claw,10,2,70,50,1,4,5
462,Crush Grip,Normal,Physical,More powerful when opponent has higher HP.,-,100,5,,-,4,crush grip,10,2,238,0,5,0,15
174,Curse,Ghost,Status,"Ghosts lose 50% of max HP and curse the opponent; Non-Ghosts raise Attack, Defense and lower Speed.",-,-,10,,-,2,curse,1,1,110,0,5,31,21
15,Cut,Normal,Physical,,50,95,30,,-,1,cut,10,2,1,0,1,14,5
399,Dark Pulse,Dark,Special,May cause flinching.,80,100,15,TM97,20,4,dark pulse,10,3,32,20,1,0,17
464,Dark Void,Dark,Status,Puts all adjacent opponents to sleep.,-,50,10,,-,4,dark void,11,1,2,0,4,0,19
663,Darkest Lariat,Dark,Physical,Ignores opponent's stat changes.,85,100,10,,,7,darkest lariat,10,2,304,0,0,0,0
605,Dazzling Gleam,Fairy,Special,Hits all adjacent opponents.,80,100,10,TM99,-,6,dazzling gleam,11,3,1,0,0,0,0
455,Defend Order,Bug,Status,Raises user's Defense and Special Defense.,-,-,10,,-,4,defend order,7,1,207,0,4,0,11
111,Defense Curl,Normal,Status,Raises user's Defense.,-,-,40,,-,1,defense curl,7,1,157,0,3,16,13
432,Defog,Flying,Status,Lowers opponent's Evasiveness and clears fog.,-,-,15,,-,4,defog,10,1,259,0,2,0,13
194,Destiny Bond,Ghost,Status,"If the user faints, the opponent also faints.",-,-,5,,-,2,destiny bond,7,1,99,0,4,7,9
197,Detect,Fighting,Status,"Protects the user, but may fail if used consecutively.",-,-,5,,-,2,detect,7,1,112,0,1,16,16
-,Devastating Drake,Dragon,Z-Move,Dragon type Z-Move.,-,-,1,,,7,-,-,-,-,-,-,-,-
591,Diamond Storm,Rock,Physical,May raise user's Defense,100,95,5,,50,6,diamond storm,11,2,359,50,0,0,0
91,Dig,Ground,Physical,"Digs underground on first turn, attacks on second. Can also escape from caves.",80,100,10,,-,1,dig,10,2,257,0,4,15,6
50,Disable,Normal,Status,Opponent can't use its last attack for a few turns.,-,100,20,,-,1,disable,10,1,87,0,4,18,19
574,Disarming Voice,Fairy,Special,Ignores Accuracy and Evasiveness.,40,inf,15,,-,6,disarming voice,11,3,381,0,0,0,0
435,Discharge,Electric,Special,May paralyze opponent.,80,100,15,,30,4,discharge,9,3,7,30,1,0,17
291,Dive,Water,Physical,"Dives underwater on first turn, attacks on second turn.",80,100,10,,-,3,dive,10,2,256,0,2,16,6
146,Dizzy Punch,Normal,Physical,May confuse opponent.,70,100,10,,20,1,dizzy punch,10,2,77,20,1,4,16
353,Doom Desire,Steel,Special,Damage occurs 2 turns later.,140,100,5,,-,3,doom desire,10,3,149,0,1,24,17
458,Double Hit,Normal,Physical,Hits twice in one turn.,35,90,10,,-,4,double hit,10,2,45,0,4,0,7
742,Double Iron Bash,Steel,Physical,Hits twice in one turn; may cause flinching.,60,100,5,,30,7,double iron bash,10,2,45,30,0,0,0
24,Double Kick,Fighting,Physical,Hits twice in one turn.,30,100,30,,-,1,double kick,10,2,45,0,1,12,7
3,Double Slap,Normal,Physical,Hits 2-5 times in one turn.,15,85,10,,-,1,double slap,10,2,30,0,5,10,7
104,Double Team,Normal,Status,Raises user's Evasiveness.,-,-,15,TM32,-,1,double team,7,1,17,0,1,16,1
38,Double-Edge,Normal,Physical,User receives recoil damage.,120,100,15,,-,1,double-edge,10,2,199,0,5,3,9
434,Draco Meteor,Dragon,Special,Sharply lowers user's Special Attack.,130,90,5,,-,4,draco meteor,10,3,205,100,4,0,22
620,Dragon Ascent,Flying,Physical,Lowers user's Defense and Special Defense.,120,100,5,,-,6,dragon ascent,10,2,230,100,0,0,0
225,Dragon Breath,Dragon,Special,May paralyze opponent.,60,100,20,,30,2,dragon breath,10,3,7,30,1,5,17
337,Dragon Claw,Dragon,Physical,,80,100,15,TM02,-,3,dragon claw,10,2,1,0,1,23,17
349,Dragon Dance,Dragon,Status,Raises user's Attack and Speed.,-,-,20,,-,3,dragon dance,7,1,213,0,1,32,11
692,Dragon Hammer,Dragon,Physical,The user uses its body like a hammer to attack the target and inflict damage.,90,100,15,,,7,dragon hammer,10,2,1,0,0,0,0
406,Dragon Pulse,Dragon,Special,,85,100,10,,-,4,dragon pulse,10,3,1,0,4,0,4
82,Dragon Rage,Dragon,Special,Always inflicts 40 HP.,-,100,10,,-,1,dragon rage,10,3,42,0,1,26,5
407,Dragon Rush,Dragon,Physical,May cause flinching.,100,75,10,,20,4,dragon rush,10,2,32,20,1,0,18
525,Dragon Tail,Dragon,Physical,"In battles, the opponent switches. In the wild, the Pokémon runs.",60,90,10,TM82,-,5,dragon tail,10,2,314,0,0,0,0
409,Drain Punch,Fighting,Physical,User recovers half the HP inflicted on opponent.,75,100,10,,-,4,drain punch,10,2,4,0,2,0,20
577,Draining Kiss,Fairy,Special,User recovers most the HP inflicted on opponent.,50,100,10,,-,6,draining kiss,10,3,349,0,0,0,0
138,Dream Eater,Psychic,Special,User recovers half the HP inflicted on a sleeping opponent.,100,100,15,TM85,-,1,dream eater,10,3,9,0,4,8,20
65,Drill Peck,Flying,Physical,,80,100,20,,-,1,drill peck,10,2,1,0,1,1,5
529,Drill Run,Ground,Physical,High critical hit ratio.,80,95,10,,-,5,drill run,10,2,44,0,0,0,0
530,Dual Chop,Dragon,Physical,Hits twice in one turn.,40,90,15,,-,5,dual chop,10,2,45,0,0,0,0
223,Dynamic Punch,Fighting,Physical,Confuses opponent.,100,50,5,,100,2,dynamic punch,10,2,77,100,1,10,18
414,Earth Power,Ground,Special,May lower opponent's Special Defense.,90,100,10,,10,4,earth power,10,3,73,10,4,0,18
89,Earthquake,Ground,Physical,Power is doubled if opponent is underground from using Dig.,100,100,10,TM26,-,1,earthquake,9,2,148,0,5,5,18
497,Echoed Voice,Normal,Special,Power increases each turn.,40,100,15,TM49,-,5,echoed voice,10,3,303,0,0,0,0
598,Eerie Impulse,Electric,Status,Sharply lowers opponent's Special Attack.,-,100,15,,-,6,eerie impulse,10,1,62,0,0,0,0
121,Egg Bomb,Normal,Physical,,100,75,10,,-,1,egg bomb,10,2,1,0,5,1,5
604,Electric Terrain,Electric,Status,Prevents all Pokémon from falling asleep for 5 turns.,-,-,10,,-,6,electric terrain,12,1,369,0,0,0,0
582,Electrify,Electric,Status,Changes the target's move to Electric type.,-,-,20,,-,6,electrify,10,1,354,0,0,0,0
486,Electro Ball,Electric,Special,"The faster the user, the stronger the attack.",-,100,10,,-,5,electro ball,10,3,294,0,0,0,0
527,Electroweb,Electric,Special,Lowers opponent's Speed.,55,95,15,,100,5,electroweb,11,3,21,100,0,0,0
373,Embargo,Dark,Status,Opponent cannot use items.,-,100,15,TM63,-,4,embargo,10,1,233,0,3,0,13
52,Ember,Fire,Special,May burn opponent.,40,100,25,,10,1,ember,10,3,5,10,2,1,5
227,Encore,Normal,Status,Forces opponent to keep using its last move for 3 turns.,-,100,5,,-,2,encore,10,1,91,0,3,18,20
283,Endeavor,Normal,Physical,Reduces opponent's HP to same as user's.,-,100,5,,-,3,endeavor,10,2,190,0,5,28,15
203,Endure,Normal,Status,"Always left with at least 1 HP, but may fail if used consecutively.",-,-,10,,-,2,endure,7,1,117,0,5,16,13
412,Energy Ball,Grass,Special,May lower opponent's Special Defense.,90,100,10,TM53,10,4,energy ball,10,3,73,10,2,0,17
494,Entrainment,Normal,Status,Makes target's ability same as user's.,-,100,15,,-,5,entrainment,10,1,300,0,0,0,0
284,Eruption,Fire,Status,Stronger when the user's HP is higher.,150,100,5,,-,3,eruption,11,3,191,0,2,26,18
153,Explosion,Normal,Physical,User faints.,250,100,5,TM64,-,1,explosion,9,2,8,0,2,7,9
326,Extrasensory,Psychic,Special,May cause flinching.,80,100,20,,10,3,extrasensory,10,3,32,10,1,4,17
702,Extreme Evoboost,Normal,Status,Eevee-exclusive Z-Move. Sharply raises all stats.,-,-,1,,,7,extreme evoboost,7,1,414,100,0,0,0
245,Extreme Speed,Normal,Physical,User attacks first.,80,100,5,,-,2,extreme speed,10,2,104,0,1,30,1
263,Facade,Normal,Physical,"Power doubles if user is burned, poisoned, or paralyzed.",70,100,20,TM42,-,3,facade,10,2,170,0,3,28,15
587,Fairy Lock,Fairy,Status,Prevents fleeing in the next turn.,-,-,10,,-,6,fairy lock,12,1,355,0,0,0,0
584,Fairy Wind,Fairy,Special,,40,100,30,,-,6,fairy wind,10,3,1,0,0,0,0
252,Fake Out,Normal,Physical,"User attacks first, foe flinches. Only usable on first turn.",40,100,10,,100,3,fake out,10,2,159,100,3,23,17
313,Fake Tears,Dark,Status,Sharply lowers opponent's Special Defense.,-,100,20,,-,3,fake tears,10,1,63,0,4,28,19
206,False Swipe,Normal,Physical,Always leaves opponent with at least 1 HP.,40,100,40,TM54,-,2,false swipe,10,2,102,0,1,5,16
297,Feather Dance,Flying,Status,Sharply lowers opponent's Attack.,-,100,15,,-,3,feather dance,10,1,59,0,2,28,19
364,Feint,Normal,Physical,Only hits if opponent uses Protect or Detect in the same turn.,30,100,10,,-,4,feint,10,2,224,0,2,0,16
185,Feint Attack,Dark,Physical,Ignores Accuracy and Evasiveness.,60,inf,20,,-,2,feint attack,10,2,18,0,4,27,18
565,Fell Stinger,Bug,Physical,Drastically raises user's Attack if target is KO'd.,50,100,25,,-,6,fell stinger,10,2,342,0,0,0,0
552,Fiery Dance,Fire,Special,May raise user's Special Attack.,80,100,10,,50,5,fiery dance,10,3,277,50,0,0,0
515,Final Gambit,Fighting,Special,Inflicts damage equal to the user's remaining HP. User faints.,-,100,5,,-,5,final gambit,10,3,321,0,0,0,0
126,Fire Blast,Fire,Special,May burn opponent.,110,85,5,TM38,10,1,fire blast,10,3,5,10,2,1,17
424,Fire Fang,Fire,Physical,May cause flinching and/or burn opponent.,65,95,15,,10,4,fire fang,10,2,274,10,2,0,5
680,Fire Lash,Fire,Physical,The user strikes the target with a burning lash. This also lowers the target's Defense stat.,80,100,15,,,7,fire lash,10,2,397,100,0,0,0
519,Fire Pledge,Fire,Special,Added effects appear if combined with Grass Pledge or Water Pledge.,80,100,10,,-,5,fire pledge,10,3,326,0,0,0,0
7,Fire Punch,Fire,Physical,May burn opponent.,75,100,15,,10,1,fire punch,10,2,5,10,2,1,17
83,Fire Spin,Fire,Special,"Traps opponent, damaging them for 4-5 turns.",35,85,15,,-,1,fire spin,10,3,43,100,2,24,21
660,First Impression,Bug,Physical,"Although this move has great power, it only works the first turn the user is in battle.",90,100,10,,,7,first impression,10,2,383,0,0,0,0
90,Fissure,Ground,Physical,"One-Hit-KO, if it hits.",-,-,5,,-,1,fissure,10,2,39,0,5,14,9
175,Flail,Normal,Physical,"The lower the user's HP, the higher the power.",-,100,15,,-,2,flail,10,2,100,0,3,26,15
481,Flame Burst,Fire,Special,May also injure nearby Pokémon.,70,100,15,,-,5,flame burst,10,3,290,0,0,0,0
488,Flame Charge,Fire,Physical,Raises user's Speed.,50,100,20,TM43,100,5,flame charge,10,2,296,100,0,0,0
172,Flame Wheel,Fire,Physical,May burn opponent.,60,100,25,,10,2,flame wheel,10,2,126,10,2,1,7
53,Flamethrower,Fire,Special,May burn opponent.,90,100,15,TM35,10,1,flamethrower,10,3,5,10,2,1,17
394,Flare Blitz,Fire,Physical,User receives recoil damage. May burn opponent.,120,100,15,,10,4,flare blitz,10,2,254,10,4,0,22
148,Flash,Normal,Status,Lowers opponent's Accuracy.,-,100,20,,-,1,flash,10,1,24,0,2,22,10
430,Flash Cannon,Steel,Special,May lower opponent's Special Defense.,80,100,10,TM91,10,4,flash cannon,10,3,73,10,4,0,17
260,Flatter,Dark,Status,"Confuses opponent, but raises its Special Attack by two stages.",-,100,15,,-,3,flatter,10,1,167,0,4,18,19
705,Fleur Cannon,Fairy,Special,Sharply lowers user's Special Attack.,130,90,5,,,7,fleur cannon,10,3,205,100,0,0,0
374,Fling,Dark,Physical,Power depends on held item.,-,100,10,TM56,-,4,fling,10,2,234,0,5,0,23
731,Floaty Fall,Flying,Physical,May cause flinching.,90,95,15,,30,7,floaty fall,10,2,1,30,0,0,0
666,Floral Healing,Fairy,Status,The user restores the target's HP by up to half of its max HP. It restores more HP when the terrain is grass.,-,-,10,,,7,floral healing,10,1,387,0,0,0,0
579,Flower Shield,Fairy,Status,Sharply raises Defense of all Grass-type Pokémon on the field.,-,-,10,,-,6,flower shield,14,1,351,100,0,0,0
19,Fly,Flying,Physical,"Flies up on first turn, attacks on second turn.",90,95,15,TM76,-,1,fly,10,2,156,0,4,15,6
560,Flying Press,Fighting,Physical,Deals Fighting and Flying type damage.,100,95,10,,-,6,flying press,10,2,338,0,0,0,0
411,Focus Blast,Fighting,Special,May lower opponent's Special Defense.,120,70,5,TM52,10,4,focus blast,10,3,73,10,1,0,17
116,Focus Energy,Normal,Status,Increases critical hit ratio.,-,-,30,,-,1,focus energy,7,1,48,0,1,5,11
264,Focus Punch,Fighting,Physical,"If the user is hit before attacking, it flinches instead.",150,100,20,,-,3,focus punch,10,2,171,0,5,31,6
266,Follow Me,Normal,Status,"In Double Battle, the user takes all the attacks.",-,-,20,,-,3,follow me,7,1,173,0,3,24,14
395,Force Palm,Fighting,Physical,May paralyze opponent.,60,100,10,,30,4,force palm,10,2,7,30,1,0,18
193,Foresight,Normal,Status,"Resets opponent's Evasiveness, Normal-type and Fighting-type attacks can now hit Ghosts, and Ghost-type attacks hit Normal.",-,-,40,,-,2,foresight,10,1,114,0,4,33,20
571,Forest's Curse,Grass,Status,Adds Grass type to opponent.,-,100,20,,-,6,forest's curse,10,1,376,0,0,0,0
492,Foul Play,Dark,Physical,Uses the opponent's Attack stat.,95,100,15,,-,5,foul play,10,2,298,0,0,0,0
553,Freeze Shock,Ice,Physical,"Charges on first turn, attacks on second. May paralyze opponent.",140,90,5,,30,5,freeze shock,10,2,332,30,0,0,0
573,Freeze-Dry,Ice,Special,May freeze opponent. Super-effective against Water types.,70,100,20,,-,6,freeze-dry,10,3,380,10,0,0,0
739,Freezy Frost,Ice,Special,Resets all stat changes.,90,100,15,,,7,freezy frost,10,3,1,0,0,0,0
338,Frenzy Plant,Grass,Special,User must recharge next turn.,150,90,5,,-,3,frenzy plant,10,3,81,0,1,6,22
524,Frost Breath,Ice,Special,Always results in a critical hit.,60,90,10,TM79,100,5,frost breath,10,3,289,100,0,0,0
218,Frustration,Normal,Physical,Power decreases with higher Friendship.,-,100,20,TM21,-,2,frustration,10,2,124,0,3,13,18
31,Fury Attack,Normal,Physical,Hits 2-5 times in one turn.,15,85,20,,-,1,fury attack,10,2,30,0,1,10,7
210,Fury Cutter,Bug,Physical,Power increases each turn.,40,95,20,,-,2,fury cutter,10,2,120,0,1,17,7
154,Fury Swipes,Normal,Physical,Hits 2-5 times in one turn.,18,80,15,,-,1,fury swipes,10,2,30,0,5,10,7
559,Fusion Bolt,Electric,Physical,Power increases if Fusion Flare is used in the same turn.,100,100,5,,-,5,fusion bolt,10,2,337,0,0,0,0
558,Fusion Flare,Fire,Special,Power increases if Fusion Bolt is used in the same turn.,100,100,5,,-,5,fusion flare,10,3,336,0,0,0,0
248,Future Sight,Psychic,Special,Damage occurs 2 turns later.,120,100,10,,-,2,future sight,10,3,149,0,4,24,17
380,Gastro Acid,Poison,Status,Cancels out the effect of the opponent's Ability.,-,100,10,,-,4,gastro acid,10,1,240,0,2,0,13
544,Gear Grind,Steel,Physical,Hits twice in one turn.,50,85,15,,-,5,gear grind,10,2,45,0,0,0,0
674,Gear Up,Steel,Status,The user engages its gears to raise the Attack and Sp. Atk stats of ally Pokémon with the Plus or Minus Ability.,-,-,20,,,7,gear up,13,1,392,0,0,0,0
703,Genesis Supernova,Psychic,Special,Mew-exclusive Z-Move.,185,-,1,,,7,genesis supernova,10,3,415,0,0,0,0
601,Geomancy,Fairy,Status,"Charges on first turn, sharply raises user's Sp. Attack, Sp. Defense and Speed on the second.",-,-,10,,-,4,geomancy,7,1,366,0,0,0,0
202,Giga Drain,Grass,Status,User recovers half the HP inflicted on opponent.,75,100,10,,-,2,giga drain,10,3,4,0,4,10,20
416,Giga Impact,Normal,Physical,User must recharge next turn.,150,90,5,TM68,-,4,giga impact,10,2,81,0,2,0,22
-,Gigavolt Havoc,Electric,Z-Move,Electric type Z-Move.,-,-,1,,,7,-,-,-,-,-,-,-,-
549,Glaciate,Ice,Special,Lowers opponent's Speed.,65,95,10,,100,5,glaciate,11,3,331,100,0,0,0
137,Glare,Normal,Status,Paralyzes opponent.,-,100,30,,-,1,glare,10,1,68,0,5,5,19
736,Glitzy Glow,Psychic,Special,Reduces damage from Special attacks.,90,100,15,,,7,glitzy glow,10,3,1,0,0,0,0
447,Grass Knot,Grass,Special,"The heavier the opponent, the stronger the attack.",-,100,20,TM86,-,4,grass knot,10,3,197,0,4,0,4
520,Grass Pledge,Grass,Special,Added effects appear if preceded by Water Pledge or succeeded by Fire Pledge.,80,100,10,,-,5,grass pledge,10,3,327,0,0,0,0
320,Grass Whistle,Grass,Status,Puts opponent to sleep.,-,55,15,,-,3,grass whistle,10,1,2,0,4,5,19
580,Grassy Terrain,Grass,Status,Restores a little HP of all Pokémon for 5 turns. ,-,-,10,,-,6,grassy terrain,12,1,352,0,0,0,0
356,Gravity,Psychic,Status,Prevents moves like Fly and Bounce and the Ability Levitate for 5 turns.,-,-,5,,-,4,gravity,12,1,216,0,2,0,13
45,Growl,Normal,Status,Lowers opponent's Attack.,-,100,40,,-,1,growl,11,1,19,0,3,28,19
74,Growth,Normal,Status,Raises user's Attack and Special Attack.,-,-,40,,-,1,growth,7,1,317,0,2,32,11
288,Grudge,Ghost,Status,"If the users faints after using this move, the PP for the opponent's last move is depleted.",-,-,5,,-,3,grudge,7,1,195,0,5,26,10
470,Guard Split,Psychic,Status,Averages Defense and Special Defense with the target.,-,-,10,,-,5,guard split,10,1,280,0,0,0,0
385,Guard Swap,Psychic,Status,User and opponent swap Defense and Special Defense.,-,-,10,,-,4,guard swap,10,1,245,0,3,0,16
698,Guardian of Alola,Fairy,Special,Tapu-exclusive Z-move. Cuts opponent's HP by 75%.,-,-,1,,,7,guardian of alola,10,3,413,0,0,0,0
12,Guillotine,Normal,Physical,"One-Hit-KO, if it hits.",-,-,5,,-,1,guillotine,10,2,39,0,1,14,9
441,Gunk Shot,Poison,Physical,May poison opponent.,120,80,5,,30,4,gunk shot,10,2,3,30,1,0,5
16,Gust,Flying,Special,Hits Pokémon using Fly/Bounce with double power.,40,100,35,,-,1,gust,10,3,150,0,4,21,5
360,Gyro Ball,Steel,Physical,"The slower the user, the stronger the attack.",-,100,5,TM74,-,4,gyro ball,10,2,220,0,2,0,15
258,Hail,Ice,Status,Non-Ice types are damaged for 5 turns.,-,-,10,TM07,-,3,hail,12,1,165,0,2,5,13
359,Hammer Arm,Fighting,Physical,Lowers user's Speed.,100,90,10,,-,4,hammer arm,10,2,219,100,1,0,2
603,Happy Hour,Normal,Status,Doubles prize money from trainer battles.,-,-,30,,-,6,happy hour,4,1,368,0,0,0,0
106,Harden,Normal,Status,Raises user's Defense.,-,-,30,,-,1,harden,7,1,12,0,5,16,13
114,Haze,Ice,Status,Resets all stat changes.,-,-,30,,-,1,haze,12,1,26,0,2,33,13
543,Head Charge,Normal,Physical,User receives recoil damage.,120,100,15,,-,5,head charge,10,2,49,0,0,0,0
457,Head Smash,Rock,Physical,User receives recoil damage.,150,80,5,,-,4,head smash,10,2,270,0,5,0,22
29,Headbutt,Normal,Physical,May cause flinching.,70,100,15,,30,1,headbutt,10,2,32,30,5,9,5
215,Heal Bell,Normal,Status,Heals the user's party's status conditions.,-,-,5,,-,2,heal bell,13,1,103,0,2,28,8
377,Heal Block,Psychic,Status,Prevents the opponent from restoring HP for 5 turns.,-,-,15,,-,4,heal block,11,1,237,0,3,0,13
456,Heal Order,Bug,Status,User recovers half its max HP.,-,-,10,,-,4,heal order,7,1,33,0,4,0,8
505,Heal Pulse,Psychic,Status,Restores half the target's max HP.,-,-,10,,-,5,heal pulse,10,1,310,0,0,0,0
361,Healing Wish,Psychic,Status,The user faints and the next Pokémon released is fully healed.,-,-,10,,-,4,healing wish,7,1,221,0,3,0,8
531,Heart Stamp,Psychic,Physical,May cause flinching.,60,100,25,,30,5,heart stamp,10,2,32,30,0,0,0
391,Heart Swap,Psychic,Status,Stat changes are swapped with the opponent.,-,-,10,,-,4,heart swap,10,1,251,0,1,0,16
535,Heat Crash,Fire,Physical,"The heavier the user, the stronger the attack.",-,100,10,,-,5,heat crash,10,2,292,0,0,0,0
257,Heat Wave,Fire,Special,May burn opponent.,95,90,10,,10,3,heat wave,11,3,5,10,2,1,17
484,Heavy Slam,Steel,Physical,"The heavier the user, the stronger the attack.",-,100,10,,-,5,heavy slam,10,2,292,0,0,0,0
270,Helping Hand,Normal,Status,"In Double Battles, boosts the power of the partner's move.",-,-,20,,-,3,helping hand,3,1,177,0,4,18,20
506,Hex,Ghost,Special,Inflicts more damage if the target has a status condition.,65,100,10,,-,5,hex,10,3,311,0,0,0,0
237,Hidden Power,Normal,Special,Type and power depends on user's IVs.,60,100,15,TM10,-,2,hidden power,10,3,136,0,4,17,23
667,High Horsepower,Ground,Physical,The user fiercely attacks the target using its entire body.,95,95,10,,,7,high horsepower,10,2,1,0,0,0,0
136,High Jump Kick,Fighting,Physical,"If it misses, the user loses half their HP.",130,90,10,,-,1,high jump kick,10,2,46,0,1,3,5
610,Hold Back,Normal,Physical,Always leaves opponent with at least 1 HP.,40,100,40,,-,6,hold back,10,2,102,0,0,0,0
607,Hold Hands,Normal,Status,Makes the user and an ally very happy.,-,-,40,,-,6,hold hands,3,1,371,0,0,0,0
468,Hone Claws,Dark,Status,Raises user's Attack and Accuracy.,-,-,15,,-,5,hone claws,7,1,278,0,0,0,0
30,Horn Attack,Normal,Physical,,65,100,25,,-,1,horn attack,10,2,1,0,1,1,5
32,Horn Drill,Normal,Physical,"One-Hit-KO, if it hits.",-,-,5,,-,1,horn drill,10,2,39,0,1,14,9
532,Horn Leech,Grass,Physical,User recovers half the HP inflicted on opponent.,75,100,10,,-,5,horn leech,10,2,4,0,0,0,0
336,Howl,Normal,Status,Raises user's Attack.,-,-,40,,-,3,howl,13,1,11,0,1,32,11
542,Hurricane,Flying,Special,May confuse opponent.,110,70,10,,30,5,hurricane,10,3,334,30,0,0,0
308,Hydro Cannon,Water,Special,User must recharge next turn.,150,90,5,,-,3,hydro cannon,10,3,81,0,2,6,22
56,Hydro Pump,Water,Special,,110,80,5,,-,1,hydro pump,10,3,1,0,2,1,17
-,Hydro Vortex,Water,Z-Move,Water type Z-Move.,-,-,1,,,7,-,-,-,-,-,-,-,-
63,Hyper Beam,Normal,Special,User must recharge next turn.,150,90,5,TM15,-,1,hyper beam,10,3,81,0,1,6,22
158,Hyper Fang,Normal,Physical,May cause flinching.,80,90,15,,10,1,hyper fang,10,2,32,10,1,4,18
304,Hyper Voice,Normal,Special,,90,100,10,,-,3,hyper voice,11,3,1,0,1,5,5
621,Hyperspace Fury,Dark,Physical,Lowers user's Defense. Can strike through Protect/Detect.,100,inf,5,,-,6,hyperspace fury,10,2,360,100,0,0,0
593,Hyperspace Hole,Psychic,Special,Can strike through Protect/Detect.,80,inf,5,,-,6,hyperspace hole,10,3,360,0,0,0,0
95,Hypnosis,Psychic,Status,Puts opponent to sleep.,-,60,20,,-,1,hypnosis,10,1,2,0,4,5,19
301,Ice Ball,Ice,Physical,Doubles in power each turn for 5 turns.,30,90,20,,-,3,ice ball,10,2,118,0,2,24,7
58,Ice Beam,Ice,Special,May freeze opponent.,90,100,10,TM13,10,1,ice beam,10,3,6,10,2,23,17
554,Ice Burn,Ice,Special,"Charges on first turn, attacks on second. May burn opponent.",140,90,5,,30,5,ice burn,10,3,333,30,0,0,0
423,Ice Fang,Ice,Physical,May cause flinching and/or freeze opponent.,65,95,15,,10,4,ice fang,10,2,275,10,1,0,5
665,Ice Hammer,Ice,Physical,"The user swings and hits with its strong, heavy fist. It lowers the user's Speed, however.",100,90,10,,,7,ice hammer,10,2,219,100,0,0,0
8,Ice Punch,Ice,Physical,May freeze opponent.,75,100,15,,10,1,ice punch,10,2,6,10,2,1,17
420,Ice Shard,Ice,Physical,User attacks first.,40,100,30,,-,4,ice shard,10,2,104,0,2,0,1
556,Icicle Crash,Ice,Physical,May cause flinching.,85,90,10,,30,5,icicle crash,10,2,32,30,0,0,0
333,Icicle Spear,Ice,Physical,Hits 2-5 times in one turn.,25,100,30,,-,3,icicle spear,10,2,30,0,2,23,7
196,Icy Wind,Ice,Special,Lowers opponent's Speed.,55,95,15,,100,2,icy wind,11,3,71,100,2,5,2
286,Imprison,Psychic,Status,Opponent is unable to use moves that the user also knows.,-,-,10,,-,3,imprison,7,1,193,0,4,33,20
510,Incinerate,Fire,Special,Destroys the target's held berry.,60,100,15,,-,5,incinerate,11,3,315,0,0,0,0
517,Inferno,Fire,Special,Burns opponent.,100,50,5,,100,5,inferno,10,3,5,100,0,0,0
-,Inferno Overdrive,Fire,Z-Move,Fire type Z-Move.,-,-,1,,,7,-,-,-,-,-,-,-,-
611,Infestation,Bug,Special,"Traps opponent, damaging them for 4-5 turns.",20,100,20,TM83,-,6,infestation,10,3,43,100,0,0,0
275,Ingrain,Grass,Status,User restores HP each turn. User cannot escape/switch.,-,-,20,,-,3,ingrain,7,1,182,0,4,15,21
689,Instruct,Psychic,Status,Allows an ally to use a move instead.,-,-,15,,,7,instruct,10,1,403,0,0,0,0
569,Ion Deluge,Electric,Status,Changes Normal-type moves to Electric-type.,-,-,25,,-,6,ion deluge,12,1,345,0,0,0,0
334,Iron Defense,Steel,Status,Sharply raises user's Defense.,-,-,15,,-,3,iron defense,7,1,52,0,5,15,13
442,Iron Head,Steel,Physical,May cause flinching.,80,100,15,,30,4,iron head,10,2,32,30,5,0,18
231,Iron Tail,Steel,Physical,May lower opponent's Defense.,100,75,15,,10,2,iron tail,10,2,70,30,1,4,18
449,Judgment,Normal,Special,Type depends on the Arceus Plate being held.,100,100,10,,-,4,judgment,10,3,269,0,4,0,14
26,Jump Kick,Fighting,Physical,"If it misses, the user loses half their HP.",100,95,10,,-,1,jump kick,10,2,46,0,1,3,5
2,Karate Chop,Fighting,Physical,High critical hit ratio.,50,100,25,,-,1,karate chop,10,2,44,0,5,2,5
134,Kinesis,Psychic,Status,Lowers opponent's Accuracy.,-,80,15,,-,1,kinesis,10,1,24,0,4,24,11
588,King's Shield,Steel,Status,Protects the user and lowers opponent's Attack on contact.,-,-,10,,-,6,king's shield,7,1,356,0,0,0,0
282,Knock Off,Dark,Physical,Removes opponent's held item for the rest of the battle.,65,100,20,,-,3,knock off,10,2,189,0,4,4,5
616,Land's Wrath,Ground,Physical,,90,100,10,,-,6,land's wrath,11,2,1,0,0,0,0
673,Laser Focus,Normal,Status,User's next attack is guaranteed to result in a critical hit.,-,-,30,,,7,laser focus,7,1,391,0,0,0,0
387,Last Resort,Normal,Physical,Can only be used after all other moves are used.,140,100,5,,-,4,last resort,10,2,247,0,3,0,21
436,Lava Plume,Fire,Special,May burn opponent.,80,100,15,,30,4,lava plume,9,3,5,30,5,0,17
348,Leaf Blade,Grass,Physical,High critical hit ratio.,90,100,15,,-,3,leaf blade,10,2,44,0,1,2,17
437,Leaf Storm,Grass,Special,Sharply lowers user's Special Attack.,130,90,5,,-,4,leaf storm,10,3,205,100,3,0,22
536,Leaf Tornado,Grass,Special,May lower opponent's Accuracy.,65,90,10,,30,5,leaf tornado,10,3,74,50,0,0,0
670,Leafage,Grass,Physical,Strikes opponent with leaves.,40,100,40,,,7,leafage,10,2,1,0,0,0,0
141,Leech Life,Bug,Physical,User recovers half the HP inflicted on opponent.,80,100,10,TM28,-,1,leech life,10,2,4,0,4,9,20
73,Leech Seed,Grass,Status,Drains HP from opponent each turn.,-,90,10,,-,1,leech seed,10,1,85,0,4,8,21
43,Leer,Normal,Status,Lowers opponent's Defense.,-,100,30,,-,1,leer,11,1,20,100,1,24,19
-,Let's Snuggle Forever,Fairy,Physical,Mimikyu-exclusive Z-Move.,190,-,1,,,7,-,-,-,-,-,-,-,-
122,Lick,Ghost,Physical,May paralyze opponent.,30,100,30,,30,1,lick,10,2,7,30,5,4,16
617,Light of Ruin,Fairy,Special,User receives recoil damage.,140,90,5,,-,6,light of ruin,10,3,270,0,0,0,0
113,Light Screen,Psychic,Status,Halves damage from Special attacks for 5 turns.,-,-,30,TM16,-,1,light screen,4,1,36,0,2,15,13
723,Light That Burns the Sky,Psychic,Special,Ultra Necrozma-exclusive Z-Move. Ignores target's ability; uses highest Attack stat.,200,-,1,,,7,light that burns the sky,10,3,416,0,0,0,0
710,Liquidation,Water,Physical,The user slams into the target using a full-force blast of water. This may also lower the target's Defense stat.,85,100,10,,,7,liquidation,10,2,70,20,0,0,0
199,Lock-On,Normal,Status,User's next attack is guaranteed to hit.,-,-,5,,-,2,lock-on,10,1,95,0,4,24,20
142,Lovely Kiss,Normal,Status,Puts opponent to sleep.,-,75,10,,-,1,lovely kiss,10,1,2,0,2,5,19
67,Low Kick,Fighting,Physical,"The heavier the opponent, the stronger the attack.",-,100,20,,-,1,low kick,10,2,197,0,5,4,5
490,Low Sweep,Fighting,Physical,Lowers opponent's Speed.,65,100,20,TM47,100,5,low sweep,10,2,21,100,0,0,0
381,Lucky Chant,Normal,Status,Opponent cannot land critical hits for 5 turns.,-,-,30,,-,4,lucky chant,4,1,241,0,3,0,13
461,Lunar Dance,Psychic,Status,The user faints but the next Pokémon released is fully healed.,-,-,10,,-,4,lunar dance,7,1,271,0,2,0,8
679,Lunge,Bug,Physical,"The user makes a lunge at the target, attacking with full force. This also lowers the target's Attack stat.",80,100,15,,,7,lunge,10,2,396,100,0,0,0
295,Luster Purge,Psychic,Special,May lower opponent's Special Defense.,70,100,5,,50,3,luster purge,10,3,73,50,4,9,22
183,Mach Punch,Fighting,Physical,User attacks first.,40,100,30,,-,2,mach punch,10,2,104,0,1,30,1
277,Magic Coat,Psychic,Status,Reflects moves that cause status conditions back to the attacker.,-,-,15,,-,3,magic coat,7,1,184,0,2,15,15
478,Magic Room,Psychic,Status,Suppresses the effects of held items for five turns.,-,-,10,,-,5,magic room,12,1,287,0,0,0,0
345,Magical Leaf,Grass,Special,Ignores Accuracy and Evasiveness.,60,inf,20,,-,3,magical leaf,10,3,18,0,2,27,17
463,Magma Storm,Fire,Special,"Traps opponent, damaging them for 4-5 turns.",100,75,5,,-,4,magma storm,10,3,43,100,5,0,7
443,Magnet Bomb,Steel,Physical,Ignores Accuracy and Evasiveness.,60,inf,20,,-,4,magnet bomb,10,2,18,0,1,0,5
393,Magnet Rise,Electric,Status,User becomes immune to Ground-type moves for 5 turns.,-,-,10,,-,4,magnet rise,7,1,253,0,3,0,13
602,Magnetic Flux,Electric,Status,Raises Defense and Sp. Defense of Plus/Minus Pokémon.,-,-,20,,-,6,magnetic flux,13,1,367,0,0,0,0
222,Magnitude,Ground,Physical,Hits with random power.,-,100,30,,-,2,magnitude,9,2,127,0,5,11,18
696,Malicious Moonsault,Dark,Physical,Incineroar-exclusive Z-Move.,180,-,1,,,7,malicious moonsault,10,2,1,0,0,0,0
561,Mat Block,Fighting,Status,Protects teammates from damaging moves.,-,-,10,,-,6,mat block,4,1,377,0,0,0,0
382,Me First,Normal,Status,User copies the opponent's attack with 1.5× power.,-,-,20,,-,4,me first,2,1,242,0,3,0,1
212,Mean Look,Normal,Status,Opponent cannot flee or switch.,-,-,5,,-,2,mean look,10,1,107,0,2,18,10
96,Meditate,Psychic,Status,Raises user's Attack.,-,-,40,,-,1,meditate,7,1,11,0,2,32,11
72,Mega Drain,Grass,Special,User recovers half the HP inflicted on opponent.,40,100,15,,-,1,mega drain,10,3,4,0,4,4,20
25,Mega Kick,Normal,Physical,,120,75,5,,-,1,mega kick,10,2,1,0,1,1,18
5,Mega Punch,Normal,Physical,,80,85,20,,-,1,mega punch,10,2,1,0,5,1,18
224,Megahorn,Bug,Physical,,120,85,10,,-,2,megahorn,10,2,1,0,1,12,18
262,Memento,Dark,Status,"User faints, sharply lowers opponent's Attack and Special Attack.",-,100,10,,-,3,memento,10,1,169,0,5,7,9
725,Menacing Moonraze Maelstrom,Ghost,Special,Lunala-exclusive Z-Move.,200,-,1,,,7,menacing moonraze maelstrom,10,3,411,0,0,0,0
368,Metal Burst,Steel,Physical,Deals damage equal to 1.5x opponent's attack.,-,100,10,,-,4,metal burst,1,2,228,0,2,0,15
232,Metal Claw,Steel,Physical,May raise user's Attack.,50,95,35,,10,2,metal claw,10,2,140,10,1,1,18
319,Metal Sound,Steel,Status,Sharply lowers opponent's Special Defense.,-,85,40,,-,3,metal sound,10,1,63,0,4,5,10
309,Meteor Mash,Steel,Physical,May raise user's Attack.,90,90,10,,20,3,meteor mash,10,2,140,20,1,12,18
118,Metronome,Normal,Status,User performs almost any move in the game at random.,-,-,10,,-,1,metronome,7,1,84,0,3,17,14
208,Milk Drink,Normal,Status,User recovers half its max HP.,-,-,10,,-,2,milk drink,7,1,33,0,3,12,8
102,Mimic,Normal,Status,Copies the opponent's last move.,-,-,10,,-,1,mimic,10,1,83,0,3,19,12
720,Mind Blown,Fire,Status,User receives recoil damage.,150,100,5,,,7,mind blown,9,3,420,0,0,0,0
170,Mind Reader,Normal,Status,User's next attack is guaranteed to hit.,-,-,5,,-,2,mind reader,10,1,95,0,4,24,20
107,Minimize,Normal,Status,Sharply raises user's Evasiveness.,-,-,10,,-,1,minimize,7,1,109,0,3,16,13
357,Miracle Eye,Psychic,Status,"Resets opponent's Evasiveness, removes Dark's Psychic immunity.",-,-,40,,-,4,miracle eye,10,1,217,0,3,0,20
243,Mirror Coat,Psychic,Special,"When hit by a Special Attack, user strikes back with 2x power.",-,100,20,,-,2,mirror coat,1,3,145,0,2,16,15
119,Mirror Move,Flying,Status,User performs the opponent's last move.,-,-,20,,-,1,mirror move,10,1,10,0,4,19,15
429,Mirror Shot,Steel,Special,May lower opponent's Accuracy.,65,85,10,,30,4,mirror shot,10,3,74,30,3,0,17
54,Mist,Ice,Status,User's stats cannot be changed for a period of time.,-,-,30,,-,1,mist,4,1,47,0,2,15,13
296,Mist Ball,Psychic,Status,May lower opponent's Special Attack.,70,100,5,,50,3,mist ball,10,3,72,50,4,4,22
581,Misty Terrain,Fairy,Status,Protects the field from status conditions for 5 turns.,-,-,10,,-,6,misty terrain,12,1,353,0,0,0,0
585,Moonblast,Fairy,Special,May lower opponent's Special Attack.,95,100,15,,30,6,moonblast,10,3,72,30,0,0,0
714,Moongeist Beam,Ghost,Special,Ignores the target's ability.,100,100,5,,,7,moongeist beam,10,3,411,0,0,0,0
236,Moonlight,Fairy,Status,User recovers HP. Amount varies with the weather.,-,-,5,,-,2,moonlight,7,1,133,0,2,25,8
234,Morning Sun,Normal,Status,User recovers HP. Amount varies with the weather.,-,-,5,,-,2,morning sun,7,1,133,0,2,25,8
426,Mud Bomb,Ground,Special,May lower opponent's Accuracy.,65,85,10,,30,4,mud bomb,10,3,74,30,4,0,18
341,Mud Shot,Ground,Special,Lowers opponent's Speed.,55,95,15,,100,3,mud shot,10,3,71,100,5,5,2
300,Mud Sport,Ground,Status,Weakens the power of Electric-type moves.,-,-,15,,-,3,mud sport,12,1,202,0,3,1,13
330,Muddy Water,Water,Special,May lower opponent's Accuracy.,90,85,10,,30,3,muddy water,11,3,74,30,5,10,18
189,Mud-Slap,Ground,Special,Lowers opponent's Accuracy.,20,100,10,,100,2,mud-slap,10,3,74,100,3,10,5
718,Multi-Attack,Normal,Physical,Type matches user's current type.,90,100,10,,,7,multi-attack,10,2,269,0,0,0,0
595,Mystical Fire,Fire,Special,Lowers opponent's Special Attack.,75,100,10,,100,6,mystical fire,10,3,72,100,0,0,0
417,Nasty Plot,Dark,Status,Sharply raises user's Special Attack.,-,-,20,,-,4,nasty plot,7,1,54,0,3,0,11
363,Natural Gift,Normal,Physical,Power and type depend on the user's held berry.,-,100,15,,-,4,natural gift,10,2,223,0,1,0,18
267,Nature Power,Normal,Status,Uses a certain move based on the current terrain.,-,-,20,TM96,-,3,nature power,10,1,174,0,2,11,14
717,Nature's Madness,Fairy,Special,Halves the foe's HP.,-,90,10,,,7,nature's madness,10,3,41,0,0,0,0
302,Needle Arm,Grass,Physical,May cause flinching.,60,100,15,,30,3,needle arm,10,2,32,30,4,4,5
-,Never-Ending Nightmare,Ghost,Z-Move,Ghost type Z-Move.,-,-,1,,,7,-,-,-,-,-,-,-,-
539,Night Daze,Dark,Special,May lower opponent's Accuracy.,85,95,10,,40,5,night daze,10,3,74,40,0,0,0
101,Night Shade,Ghost,Special,Inflicts damage equal to user's level.,-,100,15,,-,1,night shade,10,3,88,0,4,23,5
400,Night Slash,Dark,Physical,High critical hit ratio.,70,100,15,,-,4,night slash,10,2,44,0,2,0,5
171,Nightmare,Ghost,Status,The sleeping opponent loses 25% of its max HP each turn.,-,100,15,,-,2,nightmare,10,1,108,0,4,5,19
568,Noble Roar,Normal,Status,Lowers opponent's Attack and Special Attack.,-,100,30,,-,6,noble roar,10,1,344,100,0,0,0
609,Nuzzle,Electric,Physical,Paralyzes opponent.,20,100,20,,100,6,nuzzle,10,2,372,100,0,0,0
613,Oblivion Wing,Flying,Special,User recovers most of the HP inflicted on opponent.,80,100,10,,-,6,oblivion wing,10,3,349,0,0,0,0
697,Oceanic Operetta,Water,Special,Primarina-exclusive Z-Move.,195,-,1,,,7,oceanic operetta,10,3,1,0,0,0,0
190,Octazooka,Water,Special,May lower opponent's Accuracy.,65,85,10,,50,2,octazooka,10,3,74,50,5,10,4
316,Odor Sleuth,Normal,Status,"Resets opponent's Evasiveness, Normal-type and Fighting-type attacks can now hit Ghosts, and Ghost-type attacks hit Normal.",-,-,40,,-,3,odor sleuth,10,1,114,0,4,33,20
466,Ominous Wind,Ghost,Special,May raise all user's stats at once.,60,100,5,,10,4,ominous wind,10,3,141,10,4,0,11
618,Origin Pulse,Water,Special,Hits all adjacent opponents.,110,85,10,,-,6,origin pulse,11,3,1,0,0,0,0
200,Outrage,Dragon,Physical,User attacks for 2-3 turns but then becomes confused.,120,100,10,,-,2,outrage,8,2,28,0,1,6,7
315,Overheat,Fire,Special,Sharply lowers user's Special Attack.,130,90,5,TM50,-,3,overheat,10,3,205,100,2,3,22
220,Pain Split,Normal,Status,The user's and opponent's HP becomes the average of both.,-,-,20,,-,2,pain split,10,1,92,0,4,4,10
570,Parabolic Charge,Electric,Special,User recovers half the HP inflicted on opponent.,65,100,20,,-,6,parabolic charge,9,3,346,0,0,0,0
575,Parting Shot,Dark,Status,Lowers opponent's Attack and Special Attack then switches out. ,-,100,20,,-,6,parting shot,10,1,347,100,0,0,0
6,Pay Day,Normal,Physical,A small amount of money is gained after the battle resolves.,40,100,20,,-,1,pay day,10,2,35,0,4,11,23
371,Payback,Dark,Physical,Power doubles if the user was attacked first.,50,100,10,TM66,-,4,payback,10,2,231,0,1,0,6
64,Peck,Flying,Physical,,35,100,35,,-,1,peck,10,2,1,0,1,1,5
195,Perish Song,Normal,Status,Any Pokémon in play when this attack is used faints in 3 turns.,-,-,5,,-,2,perish song,14,1,115,0,2,14,10
572,Petal Blizzard,Grass,Physical,Hits all adjacent Pokémon.,90,100,15,,-,6,petal blizzard,9,2,379,0,0,0,0
80,Petal Dance,Grass,Special,User attacks for 2-3 turns but then becomes confused.,120,100,10,,-,1,petal dance,8,3,28,0,2,6,21
566,Phantom Force,Ghost,Physical,"Disappears on first turn, attacks on second. Can strike through Protect/Detect.",90,100,10,,-,6,phantom force,10,2,273,0,0,0,0
722,Photon Geyser,Psychic,Special,"Uses Attack or Special Attack stat, whichever is higher.",100,100,5,,,7,photon geyser,10,3,1,0,0,0,0
732,Pika Papow,Electric,Special,Power increases when player's bond is stronger.,-,inf,20,,,7,pika papow,10,3,1,0,0,0,0
42,Pin Missile,Bug,Physical,Hits 2-5 times in one turn.,25,95,20,,-,1,pin missile,10,2,30,0,1,10,7
721,Plasma Fists,Electric,Physical,Changes Normal-type moves to Electric-type moves.,100,100,15,,,7,plasma fists,10,2,1,0,0,0,0
589,Play Nice,Normal,Status,Lowers opponent's Attack. Always hits.,-,-,20,,-,6,play nice,10,1,357,100,0,0,0
583,Play Rough,Fairy,Physical,May lower opponent's Attack.,90,90,10,,10,6,play rough,10,2,69,10,0,0,0
365,Pluck,Flying,Physical,"If the opponent is holding a berry, its effect is stolen by user.",60,100,20,,-,4,pluck,10,2,225,0,3,0,12
305,Poison Fang,Poison,Physical,May badly poison opponent.,50,100,15,,50,3,poison fang,10,2,203,50,4,33,4
139,Poison Gas,Poison,Status,Poisons opponent.,-,90,40,,-,1,poison gas,11,1,67,0,4,33,5
398,Poison Jab,Poison,Physical,May poison the opponent.,80,100,20,TM84,30,4,poison jab,10,2,3,30,4,0,4
77,Poison Powder,Poison,Status,Poisons opponent.,-,75,35,,-,1,poison powder,10,1,67,0,4,33,19
40,Poison Sting,Poison,Physical,May poison the opponent.,15,100,35,,30,1,poison sting,10,2,3,30,4,9,19
342,Poison Tail,Poison,Physical,High critical hit ratio. May poison opponent.,50,100,25,,10,3,poison tail,10,2,210,10,4,33,4
676,Pollen Puff,Bug,Special,"The user attacks the enemy with a pollen puff that explodes. If the target is an ally, it gives the ally a pollen puff that restores its HP instead.",90,100,15,,,7,pollen puff,10,3,394,0,0,0,0
1,Pound,Normal,Physical,,40,100,35,,-,1,pound,10,2,1,0,5,1,5
600,Powder,Bug,Status,Damages Pokémon using Fire type moves.,-,100,20,,-,6,powder,10,1,378,0,0,0,0
181,Powder Snow,Ice,Special,May freeze opponent.,40,100,25,,10,2,powder snow,11,3,6,10,2,1,5
408,Power Gem,Rock,Special,,80,100,20,,-,4,power gem,10,3,1,0,2,0,5
471,Power Split,Psychic,Status,Averages Attack and Special Attack with the target.,-,-,10,,-,5,power split,10,1,281,0,0,0,0
384,Power Swap,Psychic,Status,User and opponent swap Attack and Special Attack.,-,-,10,,-,4,power swap,10,1,244,0,2,0,16
379,Power Trick,Psychic,Status,User's own Attack and Defense switch.,-,-,10,,-,4,power trick,7,1,239,0,1,0,16
681,Power Trip,Dark,Physical,"The user boasts its strength and attacks the target. The more the user's stats are raised, the greater the move's power.",20,100,10,,,7,power trip,10,2,306,0,0,0,0
438,Power Whip,Grass,Physical,,120,85,10,,-,4,power whip,10,2,1,0,2,0,5
612,Power-Up Punch,Fighting,Physical,Raises Attack.,40,100,10,,100,6,power-up punch,10,2,375,100,0,0,0
619,Precipice Blades,Ground,Physical,Hits all adjacent opponents.,120,85,10,,-,6,precipice blades,11,2,1,0,0,0,0
217,Present,Normal,Physical,Either deals damage or heals.,-,90,15,,-,2,present,10,2,123,0,3,17,16
711,Prismatic Laser,Psychic,Special,The user shoots powerful lasers using the power of a prism. The user can't move on the next turn.,160,100,10,,,7,prismatic laser,10,3,81,0,0,0,0
182,Protect,Normal,Status,"Protects the user, but may fail if used consecutively.",-,-,10,TM17,-,2,protect,7,1,112,0,3,15,16
60,Psybeam,Psychic,Special,May confuse opponent.,65,100,20,,10,1,psybeam,10,3,77,10,2,21,17
244,Psych Up,Normal,Status,Copies the opponent's stat changes.,-,-,10,TM77,-,2,psych up,10,1,144,0,4,12,11
94,Psychic,Psychic,Status,May lower opponent's Special Defense.,90,100,10,TM29,10,1,psychic,10,3,73,10,4,5,17
706,Psychic Fangs,Psychic,Physical,The user bites the target with its psychic capabilities. This can also destroy Light Screen and Reflect.,85,100,10,,,7,psychic fangs,10,2,187,0,0,0,0
678,Psychic Terrain,Psychic,Status,Prevents priority moves from being used for 5 turns.,-,-,10,,-,7,psychic terrain,12,1,395,0,0,0,0
354,Psycho Boost,Psychic,Special,Sharply lowers user's Special Attack.,140,90,5,,-,3,psycho boost,10,3,205,100,4,3,22
427,Psycho Cut,Psychic,Physical,High critical hit ratio.,70,100,20,,-,4,psycho cut,10,2,44,0,1,0,17
375,Psycho Shift,Psychic,Status,"Gives the opponent the user's status condition, if it hits.",-,90,10,,-,4,psycho shift,10,1,235,0,1,0,16
473,Psyshock,Psychic,Special,"Inflicts damage based on the target's Defense, not Special Defense.",80,100,10,TM03,-,5,psyshock,10,3,283,0,0,0,0
540,Psystrike,Psychic,Special,"Inflicts damage based on the target's Defense, not Special Defense.",100,100,10,,-,5,psystrike,10,3,283,0,0,0,0
149,Psywave,Psychic,Special,Inflicts damage 50-150% of user's level.,-,80,15,,-,1,psywave,10,3,89,0,4,14,5
701,Pulverizing Pancake,Normal,Physical,Snorlax-exclusive Normal type Z-Move.,210,-,1,,,7,pulverizing pancake,10,2,1,0,0,0,0
386,Punishment,Dark,Physical,Power increases when opponent's stats have been raised.,-,100,5,,-,4,punishment,10,2,246,0,4,0,23
685,Purify,Poison,Status,"The user heals the target's status condition. If the move succeeds, it also restores the user's own HP.",-,-,20,,,7,purify,10,1,400,0,0,0,0
228,Pursuit,Dark,Physical,Double power if the opponent is switching out.,40,100,20,,-,2,pursuit,10,2,129,0,4,14,20
511,Quash,Dark,Status,Makes the target act last this turn.,-,100,15,TM60,-,5,quash,10,1,316,0,0,0,0
98,Quick Attack,Normal,Physical,User attacks first.,40,100,30,,-,1,quick attack,10,2,104,0,1,30,1
501,Quick Guard,Fighting,Status,Protects the user's team from high-priority moves.,-,-,15,,-,5,quick guard,4,1,307,0,0,0,0
483,Quiver Dance,Bug,Status,"Raises user's Special Attack, Special Defense and Speed.",-,-,20,,-,5,quiver dance,7,1,291,0,0,0,0
99,Rage,Normal,Physical,Raises user's Attack when hit.,20,100,20,,-,1,rage,10,2,82,0,1,17,11
476,Rage Powder,Bug,Status,"Forces attacks to hit user, not team-mates.",-,-,20,,-,5,rage powder,7,1,173,0,0,0,0
240,Rain Dance,Water,Status,Makes it rain for 5 turns.,-,-,5,TM18,-,2,rain dance,12,1,137,0,5,11,13
229,Rapid Spin,Normal,Physical,Removes effects of trap moves.,20,100,40,,-,2,rapid spin,10,2,130,100,1,16,17
75,Razor Leaf,Grass,Physical,High critical hit ratio.,55,95,25,,-,1,razor leaf,11,2,44,0,1,2,5
534,Razor Shell,Water,Physical,May lower opponent's Defense.,75,95,10,,50,5,razor shell,10,2,70,50,0,0,0
13,Razor Wind,Normal,Special,"Charges on first turn, attacks on second. High critical hit ratio.",80,100,10,,-,1,razor wind,11,3,40,0,1,2,6
105,Recover,Normal,Status,User recovers half its max HP.,-,-,10,,-,1,recover,7,1,33,0,4,23,8
278,Recycle,Normal,Status,User's used hold item is restored.,-,-,10,,-,3,recycle,7,1,185,0,4,17,12
115,Reflect,Psychic,Status,Halves damage from Physical attacks for 5 turns.,-,-,20,TM33,-,1,reflect,4,1,66,0,4,15,13
513,Reflect Type,Normal,Status,User becomes the target's type.,-,-,15,,-,5,reflect type,10,1,319,0,0,0,0
287,Refresh,Normal,Status,"Cures paralysis, poison, and burns.",-,-,20,,-,3,refresh,7,1,194,0,3,32,8
547,Relic Song,Normal,Special,May put the target to sleep.,75,100,10,,10,5,relic song,11,3,330,10,0,0,0
156,Rest,Psychic,Status,"User sleeps for 2 turns, but user is fully healed.",-,-,10,TM44,-,1,rest,7,1,38,0,3,16,8
514,Retaliate,Normal,Physical,Inflicts double damage if a teammate fainted on the last turn.,70,100,5,,-,5,retaliate,10,2,320,0,0,0,0
216,Return,Normal,Physical,Power increases with higher Friendship.,-,100,20,TM27,-,2,return,10,2,122,0,3,13,17
686,Revelation Dance,Normal,Status,Type changes based on Oricorio's form.,90,100,15,,,7,revelation dance,10,3,401,0,0,0,0
279,Revenge,Fighting,Physical,Power increases if user was hit first.,60,100,10,,-,3,revenge,10,2,186,0,5,31,15
179,Reversal,Fighting,Physical,"The lower the user's HP, the higher the power.",-,100,15,,-,2,reversal,10,2,100,0,1,28,15
46,Roar,Normal,Status,"In battles, the opponent switches. In the wild, the Pokémon runs.",-,-,20,TM05,-,1,roar,10,1,29,0,1,21,19
459,Roar of Time,Dragon,Special,User must recharge next turn.,150,90,5,,-,4,roar of time,10,3,81,0,1,0,22
350,Rock Blast,Rock,Physical,Hits 2-5 times in one turn.,25,90,10,,-,3,rock blast,10,2,30,0,5,12,7
431,Rock Climb,Normal,Physical,May confuse opponent.,90,85,20,,20,4,rock climb,10,2,77,20,1,0,18
397,Rock Polish,Rock,Status,Sharply raises user's Speed.,-,-,20,TM69,-,4,rock polish,7,1,53,0,5,0,1
157,Rock Slide,Rock,Physical,May cause flinching.,75,90,10,TM80,30,1,rock slide,11,2,32,30,5,5,5
249,Rock Smash,Fighting,Physical,May lower opponent's Defense.,40,100,15,,50,2,rock smash,10,2,70,50,5,29,18
88,Rock Throw,Rock,Physical,,50,90,15,,-,1,rock throw,10,2,1,0,5,12,5
317,Rock Tomb,Rock,Physical,Lowers opponent's Speed.,60,95,15,TM39,100,3,rock tomb,10,2,71,100,4,24,2
439,Rock Wrecker,Rock,Physical,User must recharge next turn.,150,90,5,,-,4,rock wrecker,10,2,81,0,5,0,22
272,Role Play,Psychic,Status,User copies the opponent's Ability.,-,-,15,,-,3,role play,10,1,179,0,3,20,23
27,Rolling Kick,Fighting,Physical,May cause flinching.,60,85,15,,30,1,rolling kick,10,2,32,30,1,5,5
205,Rollout,Rock,Physical,Doubles in power each turn for 5 turns.,30,90,20,,-,2,rollout,10,2,118,0,5,24,7
355,Roost,Flying,Status,User recovers half of its max HP and loses the Flying type temporarily.,-,-,10,TM19,-,4,roost,7,1,215,0,1,0,8
563,Rototiller,Ground,Status,Raises Attack and Special Attack of Grass-types.,-,-,10,,-,6,rototiller,14,1,340,100,0,0,0
496,Round,Normal,Special,Power increases if teammates use it in the same turn.,60,100,15,TM48,-,5,round,10,3,302,0,0,0,0
221,Sacred Fire,Fire,Physical,May burn opponent.,100,95,5,,50,2,sacred fire,10,2,126,50,2,1,22
533,Sacred Sword,Fighting,Physical,Ignores opponent's stat changes.,90,100,20,,-,5,sacred sword,10,2,304,0,0,0,0
219,Safeguard,Normal,Status,The user's party is protected from status conditions.,-,-,25,TM20,-,2,safeguard,4,1,125,0,2,15,13
28,Sand Attack,Ground,Status,Lowers opponent's Accuracy.,-,100,15,,-,1,sand attack,10,1,24,0,3,10,19
328,Sand Tomb,Ground,Physical,"Traps opponent, damaging them for 4-5 turns.",35,85,15,,-,3,sand tomb,10,2,43,100,4,24,21
201,Sandstorm,Rock,Status,Creates a sandstorm for 5 turns.,-,-,10,TM37,-,2,sandstorm,12,1,116,0,5,21,13
738,Sappy Seed,Grass,Physical,Drains HP from opponent each turn.,90,100,15,,100,7,sappy seed,10,2,1,100,0,0,0
-,Savage Spin-Out,Bug,Z-Move,Bug type Z-Move.,-,-,1,,,7,-,-,-,-,-,-,-,-
503,Scald,Water,Special,May burn opponent.,80,100,15,TM55,30,5,scald,10,3,5,30,0,0,0
184,Scary Face,Normal,Status,Sharply lowers opponent's Speed.,-,100,10,,-,2,scary face,10,1,61,0,5,10,2
10,Scratch,Normal,Physical,,40,100,35,,-,1,scratch,10,2,1,0,5,1,5
103,Screech,Normal,Status,Sharply lowers opponent's Defense.,-,85,40,,-,1,screech,10,1,60,0,4,5,10
545,Searing Shot,Fire,Special,May burn opponent.,100,100,5,,30,5,searing shot,9,3,5,30,0,0,0
724,Searing Sunraze Smash,Steel,Physical,Solgaleo-exclusive Z-Move.,200,-,1,,,7,searing sunraze smash,10,2,411,0,0,0,0
290,Secret Power,Normal,Physical,Effects of the attack vary with the location.,70,100,20,,30,3,secret power,10,2,198,30,4,29,14
548,Secret Sword,Fighting,Special,"Inflicts damage based on the target's Defense, not Special Defense.",85,100,10,,-,5,secret sword,10,3,283,0,0,0,0
402,Seed Bomb,Grass,Physical,,80,100,15,,-,4,seed bomb,10,2,1,0,4,0,5
465,Seed Flare,Grass,Special,May lower opponent's Special Defense.,120,85,5,,40,4,seed flare,10,3,272,40,1,0,22
69,Seismic Toss,Fighting,Physical,Inflicts damage equal to user's level.,-,100,20,,-,1,seismic toss,10,2,88,0,5,23,5
120,Self-Destruct,Normal,Physical,User faints.,200,100,5,,-,1,self-destruct,9,2,8,0,2,7,9
247,Shadow Ball,Ghost,Special,May lower opponent's Special Defense.,80,100,15,TM30,20,2,shadow ball,10,3,73,20,4,22,17
708,Shadow Bone,Ghost,Physical,The user attacks by beating the target with a bone that contains a spirit. This may also lower the target's Defense stat.,85,100,10,,,7,shadow bone,10,2,70,20,0,0,0
421,Shadow Claw,Ghost,Physical,High critical hit ratio.,70,100,15,TM65,-,4,shadow claw,10,2,44,0,3,0,17
467,Shadow Force,Ghost,Physical,"Disappears on first turn, attacks on second. Can strike through Protect/Detect.",120,100,5,,-,4,shadow force,10,2,273,0,4,0,22
325,Shadow Punch,Ghost,Physical,Ignores Accuracy and Evasiveness.,60,inf,20,,-,3,shadow punch,10,2,18,0,4,27,17
425,Shadow Sneak,Ghost,Physical,User attacks first.,40,100,30,,-,4,shadow sneak,10,2,104,0,4,0,1
159,Sharpen,Normal,Status,Raises user's Attack.,-,-,30,,-,1,sharpen,7,1,11,0,3,32,11
-,Shattered Psyche,Psychic,Z-Move,Psychic type Z-Move.,-,-,1,,,7,-,-,-,-,-,-,-,-
329,Sheer Cold,Ice,Special,"One-Hit-KO, if it hits.",-,-,5,,-,3,sheer cold,10,3,39,0,2,14,9
504,Shell Smash,Normal,Status,"Sharply raises user's Attack, Special Attack and Speed but lowers Defense and Special Defense.",-,-,15,,-,5,shell smash,7,1,309,0,0,0,0
704,Shell Trap,Fire,Special,Deals more damage to opponent if hit by a Physical move.,150,100,5,,,7,shell trap,11,3,408,0,0,0,0
508,Shift Gear,Steel,Status,Raises user's Attack and sharply raises Speed.,-,-,10,,-,5,shift gear,7,1,313,0,0,0,0
351,Shock Wave,Electric,Special,Ignores Accuracy and Evasiveness.,60,inf,20,,-,3,shock wave,10,3,18,0,1,27,17
659,Shore Up,Ground,Status,The user regains up to half of its max HP. It restores more HP in a sandstorm.,-,-,10,,,7,shore up,7,1,382,0,0,0,0
324,Signal Beam,Bug,Special,May confuse opponent.,75,100,15,,10,3,signal beam,10,3,77,10,2,21,4
318,Silver Wind,Bug,Special,May raise all stats of user at once.,60,100,5,,10,3,silver wind,10,3,141,10,2,32,4
493,Simple Beam,Normal,Status,Changes target's ability to Simple.,-,100,15,,-,5,simple beam,10,1,299,0,0,0,0
47,Sing,Normal,Status,Puts opponent to sleep.,-,55,15,,100,1,sing,10,1,2,0,3,18,19
695,Sinister Arrow Raid,Ghost,Physical,Decidueye-exclusive Z-Move.,180,-,1,,,7,sinister arrow raid,10,2,1,0,0,0,0
735,Sizzly Slide,Fire,Physical,Burns the opponent.,90,100,15,,,7,sizzly slide,10,2,1,100,0,0,0
166,Sketch,Normal,Status,Permanently copies the opponent's last move.,-,-,1,,-,2,sketch,10,1,96,0,4,19,23
285,Skill Swap,Psychic,Status,The user swaps Abilities with the opponent.,-,-,10,,-,3,skill swap,10,1,192,0,4,20,12
130,Skull Bash,Normal,Physical,"Raises Defense on first turn, attacks on second.",130,100,10,,100,1,skull bash,10,2,146,100,5,4,6
143,Sky Attack,Flying,Physical,"Charges on first turn, attacks on second. May cause flinching.",140,90,5,,30,1,sky attack,10,2,76,30,1,2,6
507,Sky Drop,Flying,Physical,"Takes opponent into the air on first turn, drops them on second turn.",60,100,10,TM58,-,5,sky drop,10,2,312,0,0,0,0
327,Sky Uppercut,Fighting,Physical,"Hits the opponent, even during Fly.",85,90,15,,-,3,sky uppercut,10,2,208,0,1,23,17
303,Slack Off,Normal,Status,User recovers half its max HP.,-,-,10,,-,3,slack off,7,1,33,0,3,26,8
21,Slam,Normal,Physical,,80,75,20,,-,1,slam,10,2,1,0,5,23,5
163,Slash,Normal,Physical,High critical hit ratio.,70,100,20,,-,1,slash,10,2,44,0,1,2,5
79,Sleep Powder,Grass,Status,Puts opponent to sleep.,-,75,15,,-,1,sleep powder,10,1,2,0,4,5,19
214,Sleep Talk,Normal,Status,User performs one of its own moves while sleeping.,-,-,10,TM88,-,2,sleep talk,7,1,98,0,3,17,5
124,Sludge,Poison,Special,May poison opponent.,65,100,20,,30,1,sludge,10,3,3,30,5,4,18
188,Sludge Bomb,Poison,Special,May poison opponent.,90,100,10,TM36,30,2,sludge bomb,10,3,3,30,5,10,18
482,Sludge Wave,Poison,Special,May poison opponent.,95,100,10,TM34,10,5,sludge wave,9,3,3,10,0,0,0
479,Smack Down,Rock,Physical,Makes Flying-type Pokémon vulnerable to Ground moves.,50,100,15,TM23,-,5,smack down,10,2,288,100,0,0,0
684,Smart Strike,Steel,Physical,The user stabs the target with a sharp horn. This attack never misses.,70,-,10,TM67,,7,smart strike,10,2,18,0,0,0,0
265,Smelling Salts,Normal,Physical,"Power doubles if opponent is paralyzed, but cures it.",70,100,10,,-,3,smelling salts,10,2,172,0,4,9,16
123,Smog,Poison,Special,May poison opponent.,30,70,20,,40,1,smog,10,3,3,40,5,5,5
108,Smokescreen,Normal,Status,Lowers opponent's Accuracy.,-,100,20,,-,1,smokescreen,10,1,24,0,4,22,10
555,Snarl,Dark,Special,Lowers opponent's Special Attack.,55,95,15,TM95,100,5,snarl,11,3,72,100,0,0,0
289,Snatch,Dark,Status,Steals the effects of the opponent's next move.,-,-,10,,-,3,snatch,7,1,196,0,4,14,12
173,Snore,Normal,Special,Can only be used if asleep. May cause flinching.,50,100,15,,30,2,snore,10,3,93,30,3,1,5
487,Soak,Water,Status,Changes the target's type to water.,-,100,20,,-,5,soak,10,1,295,0,0,0,0
135,Soft-Boiled,Normal,Status,User recovers half its max HP.,-,-,10,,-,1,soft-boiled,7,1,33,0,2,1,8
76,Solar Beam,Grass,Special,"Charges on first turn, attacks on second.",120,100,10,TM22,-,1,solar beam,10,3,152,0,1,1,6
669,Solar Blade,Grass,Physical,"Charges on first turn, attacks on second.",125,100,10,,,7,solar blade,10,2,152,0,0,0,0
49,Sonic Boom,Normal,Special,Always inflicts 20 HP.,-,90,20,,-,1,sonic boom,10,3,131,0,1,12,5
-,Soul-Stealing 7-Star Strike,Ghost,Physical,Marshadow-exclusive Z-Move.,195,-,1,,,7,-,-,-,-,-,-,-,-
460,Spacial Rend,Dragon,Special,High critical hit ratio.,100,95,5,,-,4,spacial rend,10,3,44,0,5,0,4
209,Spark,Electric,Physical,May paralyze opponent.,65,100,20,,30,2,spark,10,2,7,30,1,4,5
664,Sparkling Aria,Water,Special,Heals the burns of its target.,90,100,10,,,7,sparkling aria,9,3,386,0,0,0,0
740,Sparkly Swirl,Fairy,Special,Cures all status problems in the party Pokémon.,90,100,15,,,7,sparkly swirl,10,3,1,0,0,0,0
712,Spectral Thief,Ghost,Physical,"The user hides in the target's shadow, steals the target's stat boosts, and then attacks.",90,100,10,,,7,spectral thief,10,2,410,0,0,0,0
683,Speed Swap,Psychic,Status,The user exchanges Speed stats with the target.,-,-,10,,,7,speed swap,10,1,399,0,0,0,0
169,Spider Web,Bug,Status,Opponent cannot escape/switch.,-,-,10,,-,2,spider web,10,1,107,0,4,18,13
131,Spike Cannon,Normal,Physical,Hits 2-5 times in one turn.,20,100,15,,-,1,spike cannon,10,2,30,0,1,10,7
191,Spikes,Ground,Status,Hurts opponents when they switch into battle.,-,-,20,,-,2,spikes,6,1,113,0,4,18,13
596,Spiky Shield,Grass,Status,Protects the user and inflicts damage on contact.,-,-,10,,-,6,spiky shield,7,1,362,0,0,0,0
662,Spirit Shackle,Ghost,Physical,Prevents the opponent switching out.,80,100,10,,,7,spirit shackle,10,2,385,0,0,0,0
255,Spit Up,Normal,Special,Power depends on how many times the user performed Stockpile.,-,100,10,,-,3,spit up,10,3,162,0,5,1,18
180,Spite,Ghost,Status,The opponent's last move loses 2-5 PP.,-,100,10,,-,2,spite,10,1,101,0,5,26,19
150,Splash,Normal,Status,Doesn't do ANYTHING.,-,-,40,,-,1,splash,7,1,86,0,3,28,16
727,Splintered Stormshards,Rock,Physical,Lycanroc-exclusive Z-Move.,190,-,1,,,7,splintered stormshards,10,2,418,0,0,0,0
730,Splishy Splash,Water,Special,May paralyze opponent.,90,100,15,,30,7,splishy splash,11,3,1,30,0,0,0
147,Spore,Grass,Status,Puts opponent to sleep.,-,100,15,,100,1,spore,10,1,2,0,2,5,10
671,Spotlight,Normal,Status,The user shines a spotlight on the target so that only the target will be attacked during the turn.,-,-,15,,,7,spotlight,10,1,389,0,0,0,0
446,Stealth Rock,Rock,Status,Damages opponent switching into battle.,-,-,20,,-,4,stealth rock,6,1,267,0,1,0,13
592,Steam Eruption,Water,Special,May burn opponent.,110,95,5,,30,6,steam eruption,10,3,5,30,0,0,0
537,Steamroller,Bug,Physical,May cause flinching.,65,100,20,,30,5,steamroller,10,2,151,30,0,0,0
211,Steel Wing,Steel,Physical,May raise user's Defense.,70,90,25,TM51,10,2,steel wing,10,2,139,10,1,12,5
564,Sticky Web,Bug,Status,Lowers opponent's Speed when switching into battle.,-,-,20,,-,6,sticky web,6,1,341,0,0,0,0
254,Stockpile,Normal,Status,Stores energy for use with Spit Up and Swallow.,-,-,20,,-,3,stockpile,7,1,161,0,5,16,11
700,Stoked Sparksurfer,Electric,Special,Alolan Raichu-exclusive Electric type Z-Move.,175,-,1,,,7,stoked sparksurfer,10,3,7,100,0,0,0
23,Stomp,Normal,Physical,May cause flinching.,65,100,20,,30,1,stomp,10,2,151,30,5,4,5
707,Stomping Tantrum,Ground,Physical,"Driven by frustration, the user attacks the target. If the user's previous move has failed, the power of this move doubles.",75,100,10,,,7,stomping tantrum,10,2,409,0,0,0,0
444,Stone Edge,Rock,Physical,High critical hit ratio.,100,80,5,TM71,-,4,stone edge,10,2,44,0,5,0,4
500,Stored Power,Psychic,Status,Power increases when user's stats have been raised.,20,100,10,,-,5,stored power,10,3,306,0,0,0,0
480,Storm Throw,Fighting,Physical,Always results in a critical hit.,60,100,10,,-,5,storm throw,10,2,289,0,0,0,0
70,Strength,Normal,Physical,,80,100,15,,-,1,strength,10,2,1,0,5,23,5
668,Strength Sap,Grass,Status,The user restores its HP by the same amount as the target's Attack stat. It also lowers the target's Attack stat.,-,100,10,,,7,strength sap,10,1,388,100,0,0,0
81,String Shot,Bug,Status,Sharply lowers opponent's Speed.,-,95,40,,-,1,string shot,11,1,61,0,4,9,19
165,Struggle,Normal,Physical,Only usable when all PP are gone. Hurts the user.,50,100,,,-,1,struggle,8,2,255,0,1,1,5
522,Struggle Bug,Bug,Special,Lowers opponent's Special Attack.,50,100,20,,100,5,struggle bug,11,3,72,100,0,0,0
78,Stun Spore,Grass,Status,Paralyzes opponent.,-,75,30,,-,1,stun spore,10,1,68,0,4,14,19
66,Submission,Fighting,Physical,User receives recoil damage.,80,80,20,,-,1,submission,10,2,49,0,1,3,5
164,Substitute,Normal,Status,Uses HP to creates a decoy that takes hits.,-,-,10,TM90,-,1,substitute,7,1,80,0,4,16,23
-,Subzero Slammer,Ice,Z-Move,Ice type Z-Move.,-,-,1,,,7,-,-,-,-,-,-,-,-
389,Sucker Punch,Dark,Physical,"User attacks first, but only works if opponent is readying an attack.",70,100,5,,-,4,sucker punch,10,2,249,0,4,0,1
241,Sunny Day,Fire,Status,Makes it sunny for 5 turns.,-,-,5,TM11,-,2,sunny day,12,1,138,0,2,11,13
713,Sunsteel Strike,Steel,Physical,Ignores the target's ability.,100,100,5,,,3,sunsteel strike,10,2,411,0,0,0,0
162,Super Fang,Normal,Physical,Always takes off half of the opponent's HP.,-,90,10,,-,1,super fang,10,2,41,0,5,14,5
276,Superpower,Fighting,Physical,Lowers user's Attack and Defense.,120,100,5,,-,3,superpower,10,2,183,100,5,3,18
48,Supersonic,Normal,Status,Confuses opponent.,-,55,20,,-,1,supersonic,10,1,50,0,4,21,19
-,Supersonic Skystrike,Flying,Z-Move,Flying type Z-Move.,-,-,1,,,7,-,-,-,-,-,-,-,-
57,Surf,Water,Special,Hits all adjacent Pokémon.,90,100,15,TM94,-,1,surf,9,3,258,0,2,2,17
207,Swagger,Normal,Status,"Opponent becomes confused, but its Attack is sharply raised.",-,85,15,TM87,-,2,swagger,10,1,119,0,3,27,19
256,Swallow,Normal,Status,"The more times the user has performed Stockpile, the more HP is recovered.",-,-,10,,-,3,swallow,7,1,163,0,5,32,8
186,Sweet Kiss,Fairy,Status,Confuses opponent.,-,75,10,,-,2,sweet kiss,10,1,50,0,3,18,19
230,Sweet Scent,Normal,Status,Lowers opponent's Evasiveness.,-,-,20,,-,2,sweet scent,11,1,25,0,3,5,19
129,Swift,Normal,Special,Ignores Accuracy and Evasiveness.,60,inf,20,,-,1,swift,11,3,18,0,1,27,17
415,Switcheroo,Dark,Status,Swaps held items with the opponent.,-,100,15,,-,4,switcheroo,10,1,178,0,1,0,12
14,Swords Dance,Normal,Status,Sharply raises user's Attack.,-,-,20,TM75,-,1,swords dance,7,1,51,0,2,32,11
485,Synchronoise,Psychic,Special,Hits any Pokémon that shares a type with the user.,120,100,15,,-,5,synchronoise,9,3,293,0,0,0,0
235,Synthesis,Grass,Status,User recovers HP. Amount varies with the weather.,-,-,5,,-,2,synthesis,7,1,133,0,4,25,8
33,Tackle,Normal,Physical,,40,100,35,,-,1,tackle,10,2,1,0,5,1,5
294,Tail Glow,Bug,Status,Drastically raises user's Special Attack.,-,-,20,,-,3,tail glow,7,1,322,0,2,32,11
541,Tail Slap,Normal,Physical,Hits 2-5 times in one turn.,25,85,10,,-,5,tail slap,10,2,30,0,0,0,0
39,Tail Whip,Normal,Status,Lowers opponent's Defense.,-,100,30,,-,1,tail whip,11,1,20,0,3,28,19
366,Tailwind,Flying,Status,Doubles Speed for 4 turns.,-,-,30,,-,4,tailwind,4,1,226,0,4,0,1
36,Take Down,Normal,Physical,User receives recoil damage.,90,85,20,,-,1,take down,10,2,49,0,5,3,5
269,Taunt,Dark,Status,Opponent can only use moves that attack.,-,100,20,TM12,-,3,taunt,10,1,176,0,4,18,16
715,Tearful Look,Normal,Status,The user gets teary eyed to make the target lose its combative spirit. This lowers the target's Attack and Sp. Atk stats.,-,-,20,,,7,tearful look,10,1,412,100,0,0,0
546,Techno Blast,Normal,Special,Type depends on the Drive being held.,120,100,5,,-,5,techno blast,10,3,269,0,0,0,0
-,Tectonic Rage,Ground,Z-Move,Ground type Z-Move.,-,-,1,,,7,-,-,-,-,-,-,-,-
298,Teeter Dance,Normal,Status,Confuses all Pokémon.,-,100,20,,-,3,teeter dance,9,1,200,0,3,6,14
477,Telekinesis,Psychic,Status,"Ignores opponent's Evasiveness for three turns, add Ground immunity.",-,-,15,,-,5,telekinesis,10,1,286,0,0,0,0
100,Teleport,Psychic,Status,Allows user to flee wild battles; also warps player to last PokéCenter.,-,-,20,,-,1,teleport,7,1,154,0,1,15,1
168,Thief,Dark,Status,Also steals opponent's held item.,60,100,25,TM46,-,2,thief,10,2,106,0,5,20,12
614,Thousand Arrows,Ground,Physical,Makes Flying-type Pokémon vulnerable to Ground moves.,90,100,10,,-,6,thousand arrows,11,2,373,100,0,0,0
615,Thousand Waves,Ground,Physical,Opponent cannot flee or switch.,90,100,10,,-,6,thousand waves,11,2,374,0,0,0,0
37,Thrash,Normal,Physical,User attacks for 2-3 turns but then becomes confused.,120,100,10,,-,1,thrash,8,2,28,0,5,6,7
675,Throat Chop,Dark,Physical,Prevents use of sound moves for two turns.,80,100,15,,,7,throat chop,10,2,393,100,0,0,0
87,Thunder,Electric,Special,May paralyze opponent.,110,70,10,TM25,30,1,thunder,10,3,153,30,1,8,17
422,Thunder Fang,Electric,Physical,May cause flinching and/or paralyze opponent.,65,95,15,,10,4,thunder fang,10,2,276,10,4,0,5
9,Thunder Punch,Electric,Physical,May paralyze opponent.,75,100,15,,10,1,thunder punch,10,2,7,10,1,1,17
84,Thunder Shock,Electric,Special,May paralyze opponent.,40,100,30,,10,1,thunder shock,10,3,7,10,1,1,5
86,Thunder Wave,Electric,Status,Paralyzes opponent.,-,90,20,TM73,100,1,thunder wave,10,1,68,0,1,14,19
85,Thunderbolt,Electric,Special,May paralyze opponent.,90,100,15,TM24,10,1,thunderbolt,10,3,7,10,1,1,17
321,Tickle,Normal,Status,Lowers opponent's Attack and Defense.,-,100,20,,-,3,tickle,10,1,206,0,3,33,19
576,Topsy-Turvy,Dark,Status,Reverses stat changes of opponent.,-,-,20,,-,6,topsy-turvy,10,1,348,0,0,0,0
259,Torment,Dark,Status,Opponent cannot use the same move in a row.,-,100,15,TM41,-,3,torment,10,1,166,0,5,18,16
92,Toxic,Poison,Status,Badly poisons opponent.,-,90,10,TM06,-,1,toxic,10,1,34,0,4,33,19
390,Toxic Spikes,Poison,Status,Poisons opponents when they switch into battle.,-,-,20,,-,4,toxic spikes,6,1,250,0,4,0,13
672,Toxic Thread,Poison,Status,The user shoots poisonous threads to poison the target and lower the target's Speed stat.,-,100,20,,,7,toxic thread,10,1,390,100,0,0,0
144,Transform,Normal,Status,User takes on the form and attacks of the opponent.,-,-,10,,-,1,transform,10,1,58,0,4,17,23
161,Tri Attack,Normal,Special,"May paralyze, burn or freeze opponent.",80,100,10,,20,1,tri attack,10,3,37,20,2,8,5
271,Trick,Psychic,Status,Swaps held items with the opponent.,-,100,10,,-,3,trick,10,1,178,0,4,12,12
433,Trick Room,Psychic,Status,Slower Pokémon move first in the turn for 5 turns.,-,-,5,TM92,-,4,trick room,12,1,260,0,3,0,14
567,Trick-or-Treat,Ghost,Status,Adds Ghost type to opponent.,-,100,20,,-,6,trick-or-treat,10,1,343,0,0,0,0
167,Triple Kick,Fighting,Physical,Hits thrice in one turn at increasing power.,10,90,10,,-,2,triple kick,10,2,105,0,1,1,7
688,Trop Kick,Grass,Physical,Lowers opponent's Attack.,70,100,15,,,7,trop kick,10,2,396,100,0,0,0
376,Trump Card,Normal,Special,"The lower the PP, the higher the power.",-,inf,5,,-,4,trump card,10,3,236,0,1,0,21
41,Twineedle,Bug,Physical,Hits twice in one turn. May poison opponent.,25,100,20,,20,1,twineedle,10,2,78,20,1,9,7
-,Twinkle Tackle,Fairy,Z-Move,Fairy type Z-Move.,-,-,1,,,7,-,-,-,-,-,-,-,-
239,Twister,Dragon,Special,May cause flinching. Hits Pokémon using Fly/Bounce with double power.,40,100,20,,20,2,twister,11,3,147,20,1,21,5
253,Uproar,Normal,Special,User attacks for 3 turns and prevents sleep.,90,100,10,,-,3,uproar,8,3,160,0,3,21,10
369,U-turn,Bug,Physical,User switches out immediately after attacking.,70,100,20,TM89,-,4,u-turn,10,2,229,0,3,0,16
410,Vacuum Wave,Fighting,Status,User attacks first.,40,100,30,,-,4,vacuum wave,10,3,104,0,4,0,1
557,V-create,Fire,Physical,"Lowers user's Defense, Special Defense and Speed.",180,95,5,,100,5,v-create,10,2,335,100,0,0,0
741,Veevee Volley,Normal,Physical,Power increases when player's bond is stronger.,-,inf,20,,,7,veevee volley,10,2,1,0,0,0,0
599,Venom Drench,Poison,Status,Lowers poisoned opponent's Special Attack and Speed.,-,100,20,,-,6,venom drench,11,1,364,100,0,0,0
474,Venoshock,Poison,Special,Inflicts double damage if the target is poisoned.,65,100,10,TM09,-,5,venoshock,10,3,284,0,0,0,0
11,Vice Grip,Normal,Physical,,55,100,30,,-,1,vice grip,10,2,1,0,5,1,5
22,Vine Whip,Grass,Physical,,45,100,25,,-,1,vine whip,10,2,1,0,1,1,5
233,Vital Throw,Fighting,Physical,"User attacks last, but ignores Accuracy and Evasiveness.",70,inf,10,,-,2,vital throw,10,2,79,0,1,31,2
521,Volt Switch,Electric,Special,User must switch out after attacking.,70,100,20,TM72,-,5,volt switch,10,3,229,0,0,0,0
344,Volt Tackle,Electric,Physical,User receives recoil damage. May paralyze opponent.,120,100,15,,10,3,volt tackle,10,2,263,10,1,3,22
358,Wake-Up Slap,Fighting,Physical,"Power doubles if opponent is asleep, but wakes it up.",70,100,10,,-,4,wake-up slap,10,2,218,0,4,0,16
55,Water Gun,Water,Special,,40,100,25,,-,1,water gun,10,3,1,0,3,1,5
518,Water Pledge,Water,Special,Added effects appear if preceded by Fire Pledge or succeeded by Grass Pledge.,80,100,10,,-,5,water pledge,10,3,325,0,0,0,0
352,Water Pulse,Water,Special,May confuse opponent.,60,100,20,,20,3,water pulse,10,3,77,20,2,21,17
594,Water Shuriken,Water,Special,Hits 2-5 times in one turn.,15,100,20,,-,6,water shuriken,10,3,361,0,0,0,0
346,Water Sport,Water,Status,Weakens the power of Fire-type moves.,-,-,15,,-,3,water sport,12,1,211,0,3,1,13
323,Water Spout,Water,Special,"The higher the user's HP, the higher the damage caused.",150,100,5,,-,3,water spout,11,3,191,0,2,26,22
127,Waterfall,Water,Physical,May cause flinching.,80,100,15,TM98,20,1,waterfall,10,2,32,20,5,28,5
311,Weather Ball,Normal,Special,Move's power and type changes with the weather.,50,100,10,,-,3,weather ball,10,3,204,0,4,1,4
250,Whirlpool,Water,Special,"Traps opponent, damaging them for 4-5 turns.",35,85,15,,-,2,whirlpool,10,3,262,100,2,24,21
18,Whirlwind,Normal,Status,"In battles, the opponent switches. In the wild, the Pokémon runs.",-,-,20,,-,1,whirlwind,10,1,29,0,4,21,9
469,Wide Guard,Rock,Status,Protects the user's team from multi-target attacks.,-,-,10,,-,5,wide guard,4,1,279,0,0,0,0
528,Wild Charge,Electric,Physical,User receives recoil damage.,90,100,15,TM93,-,5,wild charge,10,2,49,0,0,0,0
261,Will-O-Wisp,Fire,Status,Burns opponent.,-,85,15,TM61,100,3,will-o-wisp,10,1,168,0,2,4,17
17,Wing Attack,Flying,Physical,,60,100,35,,-,1,wing attack,10,2,1,0,1,12,5
273,Wish,Normal,Status,The user recovers HP in the following turn.,-,-,10,,-,3,wish,7,1,180,0,3,24,8
110,Withdraw,Water,Status,Raises user's Defense.,-,-,40,,-,1,withdraw,7,1,12,0,3,15,13
472,Wonder Room,Psychic,Physical,Swaps every Pokémon's Defense and Special Defense for 5 turns.,-,-,10,,-,5,wonder room,12,1,282,0,0,0,0
452,Wood Hammer,Grass,Status,User receives recoil damage.,120,100,15,,-,4,wood hammer,10,2,199,0,5,0,18
526,Work Up,Normal,Status,Raises user's Attack and Special Attack.,-,-,30,TM01,-,5,work up,7,1,328,0,0,0,0
388,Worry Seed,Grass,Status,Changes the opponent's Ability to Insomnia.,-,100,10,,-,4,worry seed,10,1,248,0,2,0,19
35,Wrap,Normal,Physical,"Traps opponent, damaging them for 4-5 turns.",15,90,20,,-,1,wrap,10,2,43,100,5,24,21
378,Wring Out,Normal,Special,"The higher the opponent's HP, the higher the damage.",-,100,5,,-,4,wring out,10,3,238,0,4,0,22
404,X-Scissor,Bug,Physical,,80,100,15,TM81,-,4,x-scissor,10,2,1,0,2,0,17
281,Yawn,Normal,Status,Puts opponent to sleep in the next turn.,-,-,10,,-,3,yawn,10,1,188,0,3,18,19
192,Zap Cannon,Electric,Special,Paralyzes opponent.,120,50,5,,100,2,zap cannon,10,3,7,100,1,1,4
428,Zen Headbutt,Psychic,Physical,May cause flinching.,80,90,15,,20,4,zen headbutt,10,2,32,20,2,0,18
716,Zing Zap,Electric,Physical,"A strong electric blast crashes down on the target, giving it an electric shock. This may also make the target flinch.",80,100,10,,,7,zing zap,10,2,32,30,0,0,0
729,Zippy Zap,Electric,Physical,High critical-hit ratio.,50,100,15,,,7,zippy zap,10,2,1,100,0,0,0